{
  "name": "METAL GEAR SOLID V: THE DEFINITIVE EXPERIENCE",
  "id": "CUSA05597",
  "version": "01.09",
  "process": "eboot.bin",
  "mods": [
    {
      "name": "Set Time| Midnight ",
      "type": "checkbox",
      "memory": [
        {
          "offset": "3418047",
          "on": "E8AE078CFDBB0000000089584CE9572A96FD",
          "off": "000000000000000000000000000000000000"
        },
        {
          "offset": "D7AAA8",
          "on": "E99AD56902909090",
          "off": "E853DDF5FF89584C"
        }
      ]
    },
    {
      "name": "Set Time| Dawn",
      "type": "checkbox",
      "memory": [
        {
          "offset": "341805D",
          "on": "E898078CFDBB0852000089584CE9412A96FD",
          "off": "000000000000000000000000000000000000"
        },
        {
          "offset": "D7AAA8",
          "on": "E9B0D56902909090",
          "off": "E853DDF5FF89584C"
        }
      ]
    },
    {
      "name": "Set Time| Morning",
      "type": "checkbox",
      "memory": [
        {
          "offset": "3418073",
          "on": "E882078CFDBBA861000089584CE92B2A96FD",
          "off": "000000000000000000000000000000000000"
        },
        {
          "offset": "D7AAA8",
          "on": "E9C6D56902909090",
          "off": "E853DDF5FF89584C"
        }
      ]
    },
    {
      "name": "Set Time| 10 AM",
      "type": "checkbox",
      "memory": [
        {
          "offset": "3418089",
          "on": "E86C078CFDBBA08C000089584CE9152A96FD",
          "off": "000000000000000000000000000000000000"
        },
        {
          "offset": "D7AAA8",
          "on": "E9DCD56902909090",
          "off": "E853DDF5FF89584C"
        }
      ]
    },
    {
      "name": "Set Time| 12 PM",
      "type": "checkbox",
      "memory": [
        {
          "offset": "341809F",
          "on": "E856078CFDBBC0A8000089584CE9FF2996FD",
          "off": "000000000000000000000000000000000000"
        },
        {
          "offset": "D7AAA8",
          "on": "E9F2D56902909090",
          "off": "E853DDF5FF89584C"
        }
      ]
    },
    {
      "name": "Set Time| Afternoon",
      "type": "checkbox",
      "memory": [
        {
          "offset": "34180B5",
          "on": "E840078CFDBB40E7000089584CE9E92996FD",
          "off": "000000000000000000000000000000000000"
        },
        {
          "offset": "D7AAA8",
          "on": "E908D66902909090",
          "off": "E853DDF5FF89584C"
        }
      ]
    },
    {
      "name": "Set Time| Night",
      "type": "checkbox",
      "memory": [
        {
          "offset": "34180CB",
          "on": "E82A078CFDBB4019010089584CE9D32996FD",
          "off": "000000000000000000000000000000000000"
        },
        {
          "offset": "D7AAA8",
          "on": "E91ED66902909090",
          "off": "E853DDF5FF89584C"
        }
      ]
    }
  ],
  "credits": [
    "GamerX2"
  ]
}