{
  "name": "resident evil 4",
  "id": "CUSA04885",
  "version": "01.00",
  "process": "eboot.bin",
  "mods": [
    {
      "name": "Infinite Health: Leon/Ada",
      "type": "checkbox",
      "memory": [
        {
          "offset": "208A0C",
          "on": "9090",
          "off": "29DA"
        }
      ]
    },
    {
      "name": "Infinite Health: Ashley/Louis",
      "type": "checkbox",
      "memory": [
        {
          "offset": "208A74",
          "on": "9090",
          "off": "29CA"
        }
      ]
    },
    {
      "name": "Bottomless Clip",
      "type": "checkbox",
      "memory": [
        {
          "offset": "2E208E",
          "on": "909090",
          "off": "894306"
        }
      ]
    },
    {
      "name": "Infinite Ammo",
      "type": "checkbox",
      "memory": [
        {
          "offset": "2E0DEC",
          "on": "9090",
          "off": "29C1"
        }
      ]
    },
    {
      "name": "Infinite PTAS",
      "type": "checkbox",
      "memory": [
        {
          "offset": "2F9D0D",
          "on": "9090",
          "off": "29C1"
        },
        {
          "offset": "5368C9",
          "on": "909090909090",
          "off": "29810C500000"
        }
      ]
    },
    {
      "name": "999.999 PTAS on Pick",
      "type": "checkbox",
      "memory": [
        {
          "offset": "91F800",
          "on": "B83F420F0001810C500000E9CF809BFF",
          "off": "00000000000000000000000000000000"
        },
        {
          "offset": "2D78D9",
          "on": "E9227F640090",
          "off": "01810C500000"
        }
      ]
    },
    {
      "name": "Freeze Save-Counter",
      "type": "checkbox",
      "memory": [
        {
          "offset": "2A4794",
          "on": "9090",
          "off": "FFC1"
        }
      ]
    },
    {
      "name": "Freeze Retry-Counter",
      "type": "checkbox",
      "memory": [
        {
          "offset": "25DA93",
          "on": "909090",
          "off": "41FFC5"
        },
        {
          "offset": "25DA8E",
          "on": "909090",
          "off": "41FFC7"
        }
      ]
    },
    {
      "name": "Easy Shooting Range",
      "type": "checkbox",
      "memory": [
        {
          "offset": "44F987",
          "on": "4589CC90",
          "off": "468B2481"
        },
        {
          "offset": "91F810",
          "on": "0F8E9E01B3FFC7400CFF000000E99801B3FF",
          "off": "000000000000000000000000000000000000"
        },
        {
          "offset": "44F9B5",
          "on": "E956FE4C00",
          "off": "7E03FF400C"
        }
      ]
    }
  ],
  "credits": [
    "TLH"
  ]
}