{
  "name": "BATMAN™: ARKHAM KNIGHT",
  "id": "CUSA00133",
  "version": "01.14",
  "process": "eboot.bin",
  "mods": [
    {
      "name": "Infinite Health",
      "type": "checkbox",
      "memory": [
        {
          "offset": "274F800",
          "on": "C7825C04000064000000E9A9B3E6FE",
          "off": "000000000000000000000000000000"
        },
        {
          "offset": "15BABB1",
          "on": "E94A4C19019090",
          "off": "83BA5C04000000"
        }
      ]
    },
    {
      "name": "1 Hit Kill (Disable Inf Skillpoints)",
      "type": "checkbox",
      "memory": [
        {
          "offset": "7507DF",
          "on": "E91DF4FF019090",
          "off": "E91DF4FF019090"
        },
        {
          "offset": "274FC01",
          "on": "6641817F642B020F8509000000488B4DC0E9CF0B00FE41C60700488B4DC0E9C20B00FE",
          "off": "6641817F642B020F8509000000488B4DC0E9CF0B00FE41890790488B4DC0E9C20B00FE"
        }
      ]
    },
    {
      "name": "Inf Skillpoints (Disable 1 Hit Before Using)",
      "type": "checkbox",
      "memory": [
        {
          "offset": "7507DD",
          "on": "9090",
          "off": "29C8"
        }
      ]
    },
    {
      "name": "Hit for Max Special Combo",
      "type": "checkbox",
      "memory": [
        {
          "offset": "274FC53",
          "on": "41C70600000041C4C17A1006E959C4FFFD",
          "off": "0000000000000000000000000000000000"
        },
        {
          "offset": "74C0B8",
          "on": "E9963B0002",
          "off": "C4C17A1106"
        }
      ]
    },
    {
      "name": "Infinite BatMobile Health/Armour",
      "type": "checkbox",
      "memory": [
        {
          "offset": "274FC35",
          "on": "41C7876004000060090000458B97600400004589975C040000E97AB439FF",
          "off": "000000000000000000000000000000000000000000000000000000000000"
        },
        {
          "offset": "1AEB0C6",
          "on": "E96A4BC6009090",
          "off": "458B975C040000"
        }
      ]
    },
    {
      "name": "Easily Destory Enemy Tanks",
      "type": "checkbox",
      "memory": [
        {
          "offset": "274F863",
          "on": "41C7855C04000001000000E92F403AFF",
          "off": "00000000000000000000000000000000"
        },
        {
          "offset": "1AF389A",
          "on": "E9C4BFC500909090",
          "off": "4183BD5C04000000"
        }
      ]
    },
    {
      "name": "Infinite Missile Barrage",
      "type": "checkbox",
      "memory": [
        {
          "offset": "274F820",
          "on": "C4C17A1085D41F0000C4C17A1185D01F0000E937803DFF",
          "off": "0000000000000000000000000000000000000000000000"
        },
        {
          "offset": "1B27865",
          "on": "E9B67FC20090909090",
          "off": "C4C17A1085D01F0000"
        }
      ]
    },
    {
      "name": "Infinite Afterburner",
      "type": "checkbox",
      "memory": [
        {
          "offset": "274F837",
          "on": "41C785680300000000803FC4C17A108568030000E9792C3EFF",
          "off": "00000000000000000000000000000000000000000000000000"
        },
        {
          "offset": "1B324C0",
          "on": "E972D3C10090909090",
          "off": "C4C17A118568030000"
        }
      ]
    },
    {
      "name": "Freeze Countdown Timer",
      "type": "checkbox",
      "memory": [
        {
          "offset": "14635E1",
          "on": "C4C17A108E28010000",
          "off": "C4C17A118E280100"
        }
      ]
    },
    {
      "name": "Freeze Elapse Timer",
      "type": "checkbox",
      "memory": [
        {
          "offset": "F61594",
          "on": "90909090",
          "off": "C5FA1106"
        }
      ]
    }
  ],
  "credits": [
    "Rizla, Weysincha, Talixme, TLH"
  ]
}