{
  "name": "Fairy Fencer F ADVENT DARK FORCE",
  "id": "CUSA04853",
  "version": "01.00",
  "process": "eboot.bin",
  "mods": [
    {
      "name": "Buy Item Add 1000 Money V2",
      "type": "checkbox",
      "memory": [
        {
          "offset": "23CB800",
          "on": "668180582E0000E803E9C5A7C5FD",
          "off": "0000000000000000000000000000"
        },
        {
          "offset": "25FCD",
          "on": "E92E583A0290",
          "off": "8990582E0000"
        }
      ]
    },
    {
      "name": "Inf Current Sp",
      "type": "checkbox",
      "memory": [
        {
          "offset": "13E5B",
          "on": "909090",
          "off": "897710"
        }
      ]
    },
    {
      "name": "Party Exp Multiplier x 8",
      "type": "checkbox",
      "memory": [
        {
          "offset": "23CB800",
          "on": "0F835290C4FD49C1E603E9828FC4FD",
          "off": "000000000000000000000000000000"
        },
        {
          "offset": "1478B",
          "on": "E970703B0290",
          "off": "0F83CD000000"
        }
      ]
    },
    {
      "name": "Party Exp Multiplier x 16",
      "type": "checkbox",
      "memory": [
        {
          "offset": "23CB800",
          "on": "0F835290C4FD49C1E604E9828FC4FD",
          "off": "000000000000000000000000000000"
        },
        {
          "offset": "1478B",
          "on": "E970703B0290",
          "off": "0F83CD000000"
        }
      ]
    },
    {
      "name": "Party Exp Multiplier x 32",
      "type": "checkbox",
      "memory": [
        {
          "offset": "23CB800",
          "on": "0F835290C4FD49C1E605E9828FC4FD",
          "off": "000000000000000000000000000000"
        },
        {
          "offset": "1478B",
          "on": "E970703B0290",
          "off": "0F83CD000000"
        }
      ]
    },
    {
      "name": "Party Exp Multiplier x 64",
      "type": "checkbox",
      "memory": [
        {
          "offset": "23CB800",
          "on": "0F835290C4FD49C1E606E9828FC4FD",
          "off": "000000000000000000000000000000"
        },
        {
          "offset": "1478B",
          "on": "E970703B0290",
          "off": "0F83CD000000"
        }
      ]
    },
    {
      "name": "Party Exp Multiplier x 128",
      "type": "checkbox",
      "memory": [
        {
          "offset": "23CB800",
          "on": "0F835290C4FD49C1E607E9828FC4FD",
          "off": "000000000000000000000000000000"
        },
        {
          "offset": "1478B",
          "on": "E970703B0290",
          "off": "0F83CD000000"
        }
      ]
    },
    {
      "name": "Fang WP Turn 500 Upon Usage",
      "type": "checkbox",
      "memory": [
        {
          "offset": "23CB800",
          "on": "B8F401000089C1894B38E9741ECDFD",
          "off": "000000000000000000000000000000"
        },
        {
          "offset": "9D67E",
          "on": "E97DE13202",
          "off": "89C1894B38"
        }
      ]
    }
  ],
  "credits": [
    "Faizzudin"
  ]
}