{
  "name": "Devil May Cry 5",
  "id": "CUSA08161",
  "version": "01.01",
  "process": "eboot.bin",
  "mods": [
    {
      "name": "God-Mode",
      "type": "checkbox",
      "memory": [
        {
          "offset": "2BAFEB9",
          "on": "9090909090",
          "off": "C5FA5D45BC"
        }
      ]
    },
    {
      "name": "infinity Arm",
      "type": "checkbox",
      "memory": [
        {
          "offset": "38BCF45",
          "on": "90909090909090",
          "off": "4489B35C170000"
        }
      ]
    },
    {
      "name": "infinity Red Orb",
      "type": "checkbox",
      "memory": [
        {
          "offset": "1B11D8E",
          "on": "9090909090",
          "off": "41894C2468"
        }
      ]
    }
  ],
  "credits": [
    "Muhanned"
  ]
}