{
  "name": "Battlefield 4",
  "id": "CUSA00049",
  "version": "01.00",
  "process": "eboot.bin",
  "mods": [
    {
      "name": "Godmode",
      "hint": null,
      "type": "checkbox",
      "memory": [
        {
          "offset": "174C17E",
          "on": "C5FA11431C",
          "off": "C5FA11431C"
        },
        {
          "offset": "2F83028",
          "on": "837B2C100F8451917CFEC5FA11431CE947917CFE",
          "off": "0000000000000000000000000000000000000000"
        },
        {
          "offset": "174C17E",
          "on": "E9A56E8301",
          "off": "C5FA11431C"
        }
      ]
    },
    {
      "name": "Infinite Ammo",
      "hint": null,
      "type": "checkbox",
      "memory": [
        {
          "offset": "10289A4",
          "on": "9090",
          "off": "FFC8"
        }
      ]
    },
    {
      "name": "No Recoil / Spread",
      "hint": "Pick up a new weapon for no spread.",
      "type": "checkbox",
      "memory": [
        {
          "offset": "6C6E10",
          "on": "C3",
          "off": "55"
        }
      ]
    },
    {
      "name": "Wire Frame Rendering",
      "hint": null,
      "type": "checkbox",
      "memory": [
        {
          "offset": "186EF10",
          "on": "89F183E107",
          "off": "89F183E107"
        },
        {
          "offset": "2F83014",
          "on": "BE01000000BA0100000089F183E107E9EDBE8EFE",
          "off": "0000000000000000000000000000000000000000"
        },
        {
          "offset": "186EF10",
          "on": "E9FF407101",
          "off": "89F183E107"
        }
      ]
    },
    {
      "name": "Freeze FX",
      "hint": null,
      "type": "checkbox",
      "memory": [
        {
          "offset": "2350110",
          "on": "C3",
          "off": "55"
        }
      ]
    },
    {
      "name": "Draw Debug Strings",
      "hint": null,
      "type": "checkbox",
      "memory": [
        {
          "offset": "144CB50",
          "on": "C3",
          "off": "55"
        }
      ]
    },
    {
      "name": "Small Hud",
      "hint": null,
      "type": "checkbox",
      "memory": [
        {
          "offset": "C031B6",
          "on": "48B80000000000000040",
          "off": "48B8000000000000803F"
        }
      ]
    },
    {
      "name": "Teleport Climb",
      "hint": null,
      "type": "checkbox",
      "memory": [
        {
          "offset": "2787B94",
          "on": "F0237449",
          "off": "00002040"
        },
        {
          "offset": "2787BA4",
          "on": "F0237449",
          "off": "00002040"
        },
        {
          "offset": "2787B60",
          "on": "F0237449",
          "off": "CDCCCC3E"
        }
      ]
    },
    {
      "name": "Always Able To Climb",
      "hint": null,
      "type": "checkbox",
      "memory": [
        {
          "offset": "993B9D",
          "on": "C685EBFDFFFF01",
          "off": "C685EBFDFFFF00"
        }
      ]
    },
    {
      "name": "Teleport Patch V1",
      "hint": "The following options are for testing purposes!",
      "type": "checkbox",
      "memory": [
        {
          "offset": "993A81",
          "on": "9090909090",
          "off": "E98F000000"
        },
        {
          "offset": "993A5B",
          "on": "909090909090",
          "off": "0F85B4000000"
        },
        {
          "offset": "993A51",
          "on": "909090909090",
          "off": "0F85BE000000"
        },
        {
          "offset": "993A2B",
          "on": "909090909090",
          "off": "0F85E4000000"
        },
        {
          "offset": "993F68",
          "on": "9090909090",
          "off": "E9E5070000"
        },
        {
          "offset": "993E71",
          "on": "909090909090",
          "off": "0F84C30C0000"
        },
        {
          "offset": "993BA6",
          "on": "909090909090",
          "off": "0F848E0F0000"
        },
        {
          "offset": "993A05",
          "on": "909090909090",
          "off": "0F840A010000"
        },
        {
          "offset": "9939DF",
          "on": "909090909090",
          "off": "0F8330010000"
        },
        {
          "offset": "993890",
          "on": "EB20",
          "off": "807B"
        }
      ]
    },
    {
      "name": "Teleport Patch 1",
      "hint": null,
      "type": "checkbox",
      "memory": [
        {
          "offset": "993A81",
          "on": "9090909090",
          "off": "E98F000000"
        }
      ]
    },
    {
      "name": "Teleport Patch 2",
      "hint": null,
      "type": "checkbox",
      "memory": [
        {
          "offset": "993A5B",
          "on": "909090909090",
          "off": "0F85B4000000"
        }
      ]
    },
    {
      "name": "Teleport Patch 3",
      "hint": null,
      "type": "checkbox",
      "memory": [
        {
          "offset": "993A51",
          "on": "909090909090",
          "off": "0F85BE000000"
        }
      ]
    },
    {
      "name": "Teleport Patch 4",
      "hint": null,
      "type": "checkbox",
      "memory": [
        {
          "offset": "993A2B",
          "on": "909090909090",
          "off": "0F85E4000000"
        }
      ]
    },
    {
      "name": "Teleport Patch 5",
      "hint": null,
      "type": "checkbox",
      "memory": [
        {
          "offset": "993F68",
          "on": "9090909090",
          "off": "E9E5070000"
        }
      ]
    },
    {
      "name": "Teleport Patch 6",
      "hint": null,
      "type": "checkbox",
      "memory": [
        {
          "offset": "993E71",
          "on": "909090909090",
          "off": "0F84C30C0000"
        }
      ]
    },
    {
      "name": "Teleport Patch 7",
      "hint": null,
      "type": "checkbox",
      "memory": [
        {
          "offset": "993BA6",
          "on": "909090909090",
          "off": "0F848E0F0000"
        }
      ]
    },
    {
      "name": "Teleport Patch 8",
      "hint": null,
      "type": "checkbox",
      "memory": [
        {
          "offset": "993A05",
          "on": "909090909090",
          "off": "0F840A010000"
        }
      ]
    },
    {
      "name": "Teleport Patch 9 (Get Stuck)",
      "hint": null,
      "type": "checkbox",
      "memory": [
        {
          "offset": "9939FA",
          "on": "909090909090",
          "off": "0F84E4000000"
        }
      ]
    },
    {
      "name": "Teleport Patch 10",
      "hint": null,
      "type": "checkbox",
      "memory": [
        {
          "offset": "9939DF",
          "on": "909090909090",
          "off": "0F8330010000"
        }
      ]
    },
    {
      "name": "Teleport Patch 11",
      "hint": null,
      "type": "checkbox",
      "memory": [
        {
          "offset": "993890",
          "on": "EB20",
          "off": "807B"
        }
      ]
    },
    {
      "name": "Teleport Patch 12 (Inside Trace Function)",
      "hint": null,
      "type": "checkbox",
      "memory": [
        {
          "offset": "995142",
          "on": "9090",
          "off": "730B"
        }
      ]
    },
    {
      "name": "Teleport Patch 13 (Change 4 to 8)",
      "hint": null,
      "type": "checkbox",
      "memory": [
        {
          "offset": "9962B2",
          "on": "C4C17A5C4708",
          "off": "C4C17A5C4704"
        }
      ]
    }
  ],
  "credits": [
    "DeathRGH"
  ]
}