{
  "name": "Titanfall™ 2",
  "id": "CUSA04013",
  "version": "01.13",
  "process": "eboot.bin",
  "mods": [
    {
      "name": "Infinite Ammo",
      "type": "checkbox",
      "memory": [
        {
          "section": "61",
          "offset": "53C6D7",
          "on": "909090",
          "off": "4429FB"
        }
      ]
    },
    {
      "name": "Bottomless Clip / Infinite Grenades",
      "type": "checkbox",
      "memory": [
        {
          "section": "61",
          "offset": "537B42",
          "on": "9090909090909090",
          "off": "41899C24F00E0000"
        }
      ]
    }
  ],
  "credits": [
    "TLH"
  ]
}