{
  "name": "COD: Ghosts (EX)",
  "id": "CUSA00025",
  "version": "01.21",
  "process": "default_mp.elf",
  "mods": [
    {
      "name": "All Client Infinite Ammo",
      "hint": null,
      "type": "checkbox",
      "memory": [
        {
          "offset": "526396",
          "on": "9090909090",
          "off": "44297C8108"
        }
      ]
    },
    {
      "name": "All Client Godmode",
      "hint": null,
      "type": "checkbox",
      "memory": [
        {
          "offset": "6D6705",
          "on": "9090909090909090",
          "off": "41299C24DC010000"
        }
      ]
    },
    {
      "name": "All Client ESP",
      "hint": null,
      "type": "checkbox",
      "memory": [
        {
          "offset": "200C590",
          "on": "10",
          "off": "00"
        },
        {
          "offset": "2010010",
          "on": "10",
          "off": "00"
        },
        {
          "offset": "2013A90",
          "on": "10",
          "off": "00"
        },
        {
          "offset": "2017510",
          "on": "10",
          "off": "00"
        }
      ]
    },
    {
      "name": "Super Jump",
      "hint": null,
      "type": "checkbox",
      "memory": [
        {
          "offset": "C29088",
          "on": "00C07944",
          "off": "00001C42"
        }
      ]
    },
    {
      "name": "AFK Aliens",
      "hint": null,
      "type": "checkbox",
      "memory": [
        {
          "offset": "6B6AC0",
          "on": "48C7C001000000C390",
          "off": "488D053991720131C9"
        }
      ]
    },
    {
      "name": "Free Teeth Upgrades",
      "hint": null,
      "type": "button",
      "memory": [
        {
          "offset": "400015",
          "on": "30",
          "off": "30"
        },
        {
          "offset": "2F7A6F83C",
          "on": "1500400000000000",
          "off": "1500400000000000"
        },
        {
          "offset": "2F7A6F8AC",
          "on": "1500400000000000",
          "off": "1500400000000000"
        },
        {
          "offset": "2F7A6F91C",
          "on": "1500400000000000",
          "off": "1500400000000000"
        },
        {
          "offset": "2F7A6F98C",
          "on": "1500400000000000",
          "off": "1500400000000000"
        },
        {
          "offset": "2F7A6F9FC",
          "on": "1500400000000000",
          "off": "1500400000000000"
        },
        {
          "offset": "2F7A6FA6C",
          "on": "1500400000000000",
          "off": "1500400000000000"
        },
        {
          "offset": "2F7A6FADC",
          "on": "1500400000000000",
          "off": "1500400000000000"
        },
        {
          "offset": "2F7A6FB4C",
          "on": "1500400000000000",
          "off": "1500400000000000"
        },
        {
          "offset": "2F7A6FBBC",
          "on": "1500400000000000",
          "off": "1500400000000000"
        },
        {
          "offset": "2F7A6FC2C",
          "on": "1500400000000000",
          "off": "1500400000000000"
        },
        {
          "offset": "2F7A6FC9C",
          "on": "1500400000000000",
          "off": "1500400000000000"
        },
        {
          "offset": "2F7A6FD0C",
          "on": "1500400000000000",
          "off": "1500400000000000"
        },
        {
          "offset": "2F7A6FD7C",
          "on": "1500400000000000",
          "off": "1500400000000000"
        },
        {
          "offset": "2F7A6FDEC",
          "on": "1500400000000000",
          "off": "1500400000000000"
        },
        {
          "offset": "2F7A6FE5C",
          "on": "1500400000000000",
          "off": "1500400000000000"
        },
        {
          "offset": "2F7A6FECC",
          "on": "1500400000000000",
          "off": "1500400000000000"
        },
        {
          "offset": "2F7A6FF3C",
          "on": "1500400000000000",
          "off": "1500400000000000"
        },
        {
          "offset": "2F7A6FFAC",
          "on": "1500400000000000",
          "off": "1500400000000000"
        },
        {
          "offset": "2F7A7001C",
          "on": "1500400000000000",
          "off": "1500400000000000"
        },
        {
          "offset": "2F7A7008C",
          "on": "1500400000000000",
          "off": "1500400000000000"
        },
        {
          "offset": "2F7A700FC",
          "on": "1500400000000000",
          "off": "1500400000000000"
        },
        {
          "offset": "2F7A7016C",
          "on": "1500400000000000",
          "off": "1500400000000000"
        },
        {
          "offset": "2F7A701DC",
          "on": "1500400000000000",
          "off": "1500400000000000"
        },
        {
          "offset": "2F7A7024C",
          "on": "1500400000000000",
          "off": "1500400000000000"
        },
        {
          "offset": "2F7A702BC",
          "on": "1500400000000000",
          "off": "1500400000000000"
        },
        {
          "offset": "2F7A7032C",
          "on": "1500400000000000",
          "off": "1500400000000000"
        },
        {
          "offset": "2F7A7039C",
          "on": "1500400000000000",
          "off": "1500400000000000"
        },
        {
          "offset": "2F7A7040C",
          "on": "1500400000000000",
          "off": "1500400000000000"
        },
        {
          "offset": "2F7A7047C",
          "on": "1500400000000000",
          "off": "1500400000000000"
        },
        {
          "offset": "2F7A704EC",
          "on": "1500400000000000",
          "off": "1500400000000000"
        },
        {
          "offset": "2F7A7055C",
          "on": "1500400000000000",
          "off": "1500400000000000"
        },
        {
          "offset": "2F7A705CC",
          "on": "1500400000000000",
          "off": "1500400000000000"
        }
      ]
    }
  ],
  "credits": [
    "DeathRGH"
  ]
}