{
  "name": "WATCH_DOGS® 2",
  "id": "CUSA04295",
  "version": "01.17",
  "process": "eboot.bin",
  "mods": [
    {
      "name": "Infinite Ammo/Throwables",
      "type": "checkbox",
      "memory": [
        {
          "offset": "133CFB4",
          "on": "83EA00",
          "off": "4429F2"
        }
      ]
    },
    {
      "name": "No Reload",
      "type": "checkbox",
      "memory": [
        {
          "offset": "5F8F800",
          "on": "BBFF0000008998A0000000E98BA13AFB",
          "off": "00000000000000000000000000000000"
        },
        {
          "offset": "133997D",
          "on": "E97E5EC50490",
          "off": "8B98A0000000"
        }
      ]
    },
    {
      "name": "Infinite Hack",
      "type": "checkbox",
      "memory": [
        {
          "offset": "5F8F810",
          "on": "C743745AFCF944C5FA104374E902ECEBFA",
          "off": "0000000000000000000000000000000000"
        },
        {
          "offset": "E4E41E",
          "on": "E9ED131405",
          "off": "C5FA114374"
        }
      ]
    },
    {
      "name": "Earn Money on Spend",
      "type": "checkbox",
      "memory": [
        {
          "offset": "1869518",
          "on": "4F01A4EFA0060000",
          "off": "4F29A4EFA0060000"
        }
      ]
    },
    {
      "name": "Max Money on Gain/Use",
      "type": "checkbox",
      "memory": [
        {
          "offset": "5F8F821",
          "on": "48C7C1FFC99A3B49898EA0060000E93B978DFB",
          "off": "00000000000000000000000000000000000000"
        },
        {
          "offset": "1868F68",
          "on": "E9B46872049090",
          "off": "498B8EA0060000"
        }
      ]
    },
    {
      "name": "Max Followers on 2nd Gain",
      "type": "checkbox",
      "memory": [
        {
          "offset": "5F8F821",
          "on": "48C7C1F039580049898EB8060000E9F0998DFB",
          "off": "00000000000000000000000000000000000000"
        },
        {
          "offset": "186921D",
          "on": "E9FF6572049090",
          "off": "498B8EB8060000"
        }
      ]
    }
  ],
  "credits": [
    "Rizla"
  ]
}