{
  "name": "WORLD OF FINAL FANTASY",
  "id": "CUSA04647",
  "version": "01.03",
  "process": "eboot.bin",
  "mods": [
    {
      "name": "Infinite Money",
      "type": "checkbox",
      "memory": [
        {
          "offset": "1F44D8",
          "on": "90909090909090",
          "off": "41898E487F0300"
        }
      ]
    },
    {
      "name": "Max Money on Buy/Sell",
      "type": "checkbox",
      "memory": [
        {
          "offset": "233F800",
          "on": "B97F96980041898E487F0300E9CE4CEBFD",
          "off": "0000000000000000000000000000000000"
        },
        {
          "offset": "1F44D8",
          "on": "E923B314029090",
          "off": "41898E487F0300"
        }
      ]
    },
    {
      "name": "Infinite Items",
      "type": "checkbox",
      "memory": [
        {
          "offset": "31942A",
          "on": "909090",
          "off": "894804"
        }
      ]
    },
    {
      "name": "Max Items on Use/Sell| Turn Off When Done ",
      "type": "checkbox",
      "memory": [
        {
          "offset": "233F800",
          "on": "B96300000089480485C9E91E9CFDFD",
          "off": "000000000000000000000000000000"
        },
        {
          "offset": "31942A",
          "on": "E9D1630202",
          "off": "89480485C9"
        }
      ]
    },
    {
      "name": "Infinite Items | Battle ",
      "type": "checkbox",
      "memory": [
        {
          "offset": "1C3F7",
          "on": "909090",
          "off": "895004"
        }
      ]
    },
    {
      "name": "Max SP On Spend",
      "type": "checkbox",
      "memory": [
        {
          "offset": "233F800",
          "on": "66B96300668988E8000000E96E9DF6FD",
          "off": "00000000000000000000000000000000"
        },
        {
          "offset": "2A9577",
          "on": "E9846209029090",
          "off": "668988E8000000"
        }
      ]
    }
  ],
  "credits": [
    "GamerX2"
  ]
}