{
  "name": "Sniper Elite 3",
  "id": "CUSA00378",
  "version": "01.00",
  "process": "eboot.bin",
  "mods": [
    {
      "name": "Godmode",
      "hint": null,
      "type": "checkbox",
      "memory": [
        {
          "offset": "4F0901",
          "on": "9090909090",
          "off": "C5FA114348"
        }
      ]
    },
    {
      "name": "Infinite Ammo / Items",
      "hint": null,
      "type": "checkbox",
      "memory": [
        {
          "offset": "97743A",
          "on": "909090",
          "off": "894808"
        }
      ]
    },
    {
      "name": "Infinite Stamina",
      "hint": null,
      "type": "checkbox",
      "memory": [
        {
          "offset": "8F49C7",
          "on": "9090909090",
          "off": "C5FA114B10"
        }
      ]
    },
    {
      "name": "Infinite Breath",
      "hint": null,
      "type": "checkbox",
      "memory": [
        {
          "offset": "8F4E8F",
          "on": "9090909090",
          "off": "C5FA114310"
        }
      ]
    }
  ],
  "credits": [
    "DeathRGH"
  ]
}