{
  "name": "[PROTOTYPE®2]",
  "id": "CUSA01765",
  "version": "01.00",
  "process": "eboot.bin",
  "mods": [
    {
      "name": "Infinite Health / 1 Hit (Master Code)",
      "type": "checkbox",
      "memory": [
        {
          "offset": "13E4C00",
          "on": "813B909A87017513C5FA104B1CC5FA114B14E9EC43DAFEC5F057C9C5FA114B14E9DE43DAFE",
          "off": "00000000000000000000000000000000000000000000000000000000000000000000000000"
        },
        {
          "offset": "188FFE",
          "on": "E9FDBB2501",
          "off": "C5FA114B14"
        }
      ]
    },
    {
      "name": "1 Hit Kill (MC)",
      "type": "checkbox",
      "memory": [
        {
          "offset": "13E4C06",
          "on": "750F",
          "off": "7513"
        }
      ]
    },
    {
      "name": "Max Xp",
      "type": "checkbox",
      "memory": [
        {
          "offset": "13E4E00",
          "on": "4801CA4181F950034C00750641BFFFC99A3B44893C90E9549CCDFE",
          "off": "000000000000000000000000000000000000000000000000000000"
        },
        {
          "offset": "BEA68",
          "on": "E9936332019090",
          "off": "4801CA44893C90"
        }
      ]
    }
  ],
  "credits": [
    "Saso_9.00"
  ]
}