{
  "name": "The Binding of Isaac: Rebirth",
  "id": "CUSA00792",
  "version": "01.16",
  "process": "eboot.bin",
  "mods": [
    {
      "name": "Inf HP Blue Hearts (J1 and J2) ",
      "type": "checkbox",
      "memory": [
        {
          "section": "11",
          "offset": "33E959",
          "on": "9090909090909090",
          "off": "41898424B4180000"
        }
      ]
    },
    {
      "name": "Inf HP Red Hearts (J1 and J2)",
      "type": "checkbox",
      "memory": [
        {
          "section": "11",
          "offset": "316C12",
          "on": "90909090909090",
          "off": "418987AC180000"
        }
      ]
    },
    {
      "name": "Coins x99 or x999",
      "type": "checkbox",
      "memory": [
        {
          "section": "11",
          "offset": "3178E4",
          "on": "41898ED0180000",
          "off": "418986D0180000"
        }
      ]
    },
    {
      "name": "Bombs x99",
      "type": "checkbox",
      "memory": [
        {
          "section": "11",
          "offset": "3536E1",
          "on": "89C1",
          "off": "89C8"
        }
      ]
    },
    {
      "name": "Keys x99",
      "type": "checkbox",
      "memory": [
        {
          "section": "11",
          "offset": "317C4E",
          "on": "0F4CF0",
          "off": "0F4CC6"
        }
      ]
    },
    {
      "name": "Infinite energy on Active Item",
      "type": "checkbox",
      "memory": [
        {
          "section": "11",
          "offset": "317247",
          "on": "9090",
          "off": "29D8"
        }
      ]
    },
    {
      "name": "Add DMG +100",
      "type": "checkbox",
      "memory": [
        {
          "offset": "810B6140",
          "on": "C7039A19E442C5FA1003E9C88911FF",
          "off": "000000000000000000000000000000"
        },
        {
          "offset": "801CEB0F",
          "on": "E92C76EE00909090",
          "off": "C5FA5903C5FA1103"
        }
      ]
    },
    {
      "name": "Add Luck +25",
      "type": "checkbox",
      "memory": [
        {
          "offset": "810BFDC0",
          "on": "41C78424601B00000000C841C4C17A108424601B0000E9CB3714FF",
          "off": "000000000000000000000000000000000000000000000000000000"
        },
        {
          "offset": "8020359C",
          "on": "E91FC8EB009090909090",
          "off": "C4C17A118C24601B0000"
        }
      ]
    },
    {
      "name": "Add Range +40",
      "type": "checkbox",
      "memory": [
        {
          "offset": "810BADC7",
          "on": "101BFA76C11B00000000E937C460101103246AC10000CBE918B4FF",
          "off": "000000000000000000000000000000000000000000000000000000"
        },
        {
          "offset": "820C972C",
          "on": "E94C6CEB009090909090",
          "off": "C489601BE92218C10000"
        }
      ]
    },
    {
      "name": "Add Death Certificate(Enable and Disable after obtain)",
      "type": "checkbox",
      "memory": [
        {
          "offset": "810B3BE0",
          "on": "895744894F48B974020000894F48E911A2E7FE",
          "off": "00000000000000000000000000000000000000"
        },
        {
          "offset": "7FF2DDFE",
          "on": "E9DD5D180190",
          "off": "895744894F48"
        }
      ]
    }
  ],
  "credits": [
    "Arkanoid"
  ]
}