{
  "name": "Tomb Raider: Definitive Edition",
  "id": "CUSA00109",
  "version": "01.01",
  "process": "eboot.bin",
  "mods": [
    {
      "name": "God Mode",
      "type": "checkbox",
      "memory": [
        {
          "offset": "126F800",
          "on": "4183BDA800000000740441895D1C4585E40F89A77806FFE9747806FF",
          "off": "00000000000000000000000000000000000000000000000000000000"
        },
        {
          "offset": "2D7087",
          "on": "E97487F9009090",
          "off": "41895D1C4585E4"
        }
      ]
    },
    {
      "name": "Inf Item",
      "type": "checkbox",
      "memory": [
        {
          "offset": "126F81C",
          "on": "C7400C0F270000E962F43BFF",
          "off": "000000000000000000000000"
        },
        {
          "offset": "62EC85",
          "on": "E9920BC400",
          "off": "664489600C"
        },
        {
          "offset": "126F828",
          "on": "C7400C0F2700006685DB0F8542563CFFE904553CFF",
          "off": "000000000000000000000000000000000000000000"
        },
        {
          "offset": "634D34",
          "on": "E9EFAAC3009090",
          "off": "6689580C6685DB"
        }
      ]
    },
    {
      "name": "No Reload",
      "type": "checkbox",
      "memory": [
        {
          "offset": "632C52",
          "on": "90909090909090",
          "off": "41FF8DD0000000"
        }
      ]
    },
    {
      "name": "Inf Skill Points",
      "type": "checkbox",
      "memory": [
        {
          "offset": "76C3A9",
          "on": "4429C0",
          "off": "4429F8"
        }
      ]
    }
  ],
  "credits": [
    "Cosmaty"
  ]
}