{
  "name": "Mirrors Edge Catalyst",
  "id": "CUSA01499",
  "version": "01.00",
  "process": "eboot.bin",
  "mods": [
    {
      "name": "Godmode",
      "hint": null,
      "type": "checkbox",
      "memory": [
        {
          "offset": "E83149",
          "on": "E9B2EC8A0190909090",
          "off": "BE01000000488D7B40"
        },
        {
          "offset": "2731E00",
          "on": "BE01000000488d7B40BE40FE0D0339330F853C1375FEE93C1375FE",
          "off": "00000000000000000000000000000000000000000000000000000000000000"
        }
      ]
    }
  ],
  "credits": [
    "Talixme"
  ]
}