{
  "name": "Xuan Yuan Sword: the Gate of Firmament",
  "id": "CUSA06423",
  "version": "01.05",
  "process": "eboot.bin",
  "mods": [
    {
      "name": "Infinite HP",
      "type": "checkbox",
      "memory": [
        {
          "section": "15",
          "offset": "7DE643",
          "on": "90909090",
          "off": "41894D28"
        }
      ]
    },
    {
      "name": "Infinite MP",
      "type": "checkbox",
      "memory": [
        {
          "section": "15",
          "offset": "69E843",
          "on": "909090",
          "off": "89482C"
        }
      ]
    },
    {
      "name": "Infinite Items |Battle",
      "type": "checkbox",
      "memory": [
        {
          "section": "15",
          "offset": "733338",
          "on": "909090",
          "off": "894524"
        }
      ]
    },
    {
      "name": "EXP Boost",
      "type": "checkbox",
      "memory": [
        {
          "offset": "11D3800",
          "on": "81C1F40100000F8477965D7F894878E988945D7F",
          "off": "0000000000000000000000000000000000000000"
        },
        {
          "offset": "807ACC93",
          "on": "E9686BA28090909090",
          "off": "0F84EA010000894878"
        }
      ]
    },
    {
      "name": "Extra EXP",
      "type": "checkbox",
      "memory": [
        {
          "offset": "11D3800",
          "on": "81C1D00700000F8477965D7F894878E988945D7F",
          "off": "0000000000000000000000000000000000000000"
        },
        {
          "offset": "807ACC93",
          "on": "E9686BA28090909090",
          "off": "0F84EA010000894878"
        }
      ]
    },
    {
      "name": "Even More EXP",
      "type": "checkbox",
      "memory": [
        {
          "offset": "11D3800",
          "on": "81C1701700000F8477965D7F894878E988945D7F",
          "off": "0000000000000000000000000000000000000000"
        },
        {
          "offset": "807ACC93",
          "on": "E9686BA28090909090",
          "off": "0F84EA010000894878"
        }
      ]
    },
    {
      "name": "Lots Of EXP After Battle",
      "type": "checkbox",
      "memory": [
        {
          "offset": "11D3800",
          "on": "81C150C300000F8477965D7F894878E988945D7F",
          "off": "0000000000000000000000000000000000000000"
        },
        {
          "offset": "807ACC93",
          "on": "E9686BA28090909090",
          "off": "0F84EA010000894878"
        }
      ]
    },
    {
      "name": "Hella Exp After Battle",
      "type": "checkbox",
      "memory": [
        {
          "offset": "11D3800",
          "on": "81C1905F01000F8477965D7F894878E988945D7F",
          "off": "0000000000000000000000000000000000000000"
        },
        {
          "offset": "807ACC93",
          "on": "E9686BA28090909090",
          "off": "0F84EA010000894878"
        }
      ]
    },
    {
      "name": "Infinite Skill Points",
      "type": "checkbox",
      "memory": [
        {
          "section": "15",
          "offset": "8BE69C",
          "on": "90909090909090",
          "off": "418986B8000000"
        }
      ]
    },
    {
      "name": "Max Skill Points On Spend",
      "type": "checkbox",
      "memory": [
        {
          "offset": "11D3800",
          "on": "B8E7030000418986B8000000E992EE7B7F",
          "off": "0000000000000000000000000000000000"
        },
        {
          "offset": "8099269C",
          "on": "E95F1184809090",
          "off": "418986B8000000"
        }
      ]
    },
    {
      "name": "Max Items On Sell |Shops",
      "type": "checkbox",
      "memory": [
        {
          "offset": "11D3800",
          "on": "B90F2700000F84AA39637F894824E98138637F",
          "off": "00000000000000000000000000000000000000"
        },
        {
          "offset": "8080708B",
          "on": "E970C79C8090909090",
          "off": "0F8424010000894824"
        }
      ]
    },
    {
      "name": "Infinite Items On Sell |Shops",
      "type": "checkbox",
      "memory": [
        {
          "section": "15",
          "offset": "733091",
          "on": "909090",
          "off": "894824"
        }
      ]
    },
    {
      "name": "Max Money On Sell/Buy",
      "type": "checkbox",
      "memory": [
        {
          "offset": "11D3800",
          "on": "41BF7F9698000F847D815D7F45897E74E9AB805D7F",
          "off": "000000000000000000000000000000000000000000"
        },
        {
          "offset": "807AB8B6",
          "on": "E9457FA2809090909090",
          "off": "0F84CD00000045897E74"
        }
      ]
    },
    {
      "name": "Infinite Money",
      "type": "checkbox",
      "memory": [
        {
          "section": "15",
          "offset": "6D78BC",
          "on": "90909090",
          "off": "45897E74"
        }
      ]
    },
    {
      "name": "Inf Items |Forging + Possession Menu",
      "type": "checkbox",
      "memory": [
        {
          "section": "15",
          "offset": "733338",
          "on": "909090",
          "off": "894524"
        }
      ]
    },
    {
      "name": "Max Spirit |Infusion Menu",
      "type": "checkbox",
      "memory": [
        {
          "offset": "11D3800",
          "on": "B90F2700000F84AA39637F894824E98138637F",
          "off": "00000000000000000000000000000000000000"
        },
        {
          "offset": "8080708B",
          "on": "E970C79C8090909090",
          "off": "0F8424010000894824"
        }
      ]
    },
    {
      "name": "Inf Spirit |Infusion Menu",
      "type": "checkbox",
      "memory": [
        {
          "section": "15",
          "offset": "733091",
          "on": "909090",
          "off": "894824"
        }
      ]
    }
  ],
  "credits": [
    "GamerX2"
  ]
}