{
  "name": "Sky Force Anniversary",
  "id": "CUSA04445",
  "version": "01.00",
  "process": "eboot.bin",
  "mods": [
    {
      "name": "Godmode",
      "type": "checkbox",
      "memory": [
        {
          "section": "15",
          "offset": "167B26",
          "on": "909090909090909090",
          "off": "F3450F11BF74010000"
        }
      ]
    },
    {
      "name": "Infinite Ressource",
      "type": "checkbox",
      "memory": [
        {
          "offset": "125B800",
          "on": "48630C24B97F9698008908E95AF2FC7E",
          "off": "00000000000000000000000000000000"
        },
        {
          "offset": "8022AA64",
          "on": "E9970D038190",
          "off": "48630C248908"
        }
      ]
    },
    {
      "name": "Infinite Energy Shield ",
      "type": "checkbox",
      "memory": [
        {
          "offset": "125B810",
          "on": "B905000000898894000000E9CA4DFE7E",
          "off": "00000000000000000000000000000000"
        },
        {
          "offset": "802405E4",
          "on": "E927B2018190",
          "off": "898894000000"
        },
        {
          "offset": "125B820",
          "on": "BF0500000089B894000000E99A3DFE7E",
          "off": "00000000000000000000000000000000"
        },
        {
          "offset": "8023F5C4",
          "on": "E957C2018190",
          "off": "89B894000000"
        }
      ]
    }
  ],
  "credits": [
    "Weysincha"
  ]
}