{
  "name": "Tales of Berseria",
  "id": "CUSA05258",
  "version": "01.00",
  "process": "eboot.bin",
  "mods": [
    {
      "name": "GOLD",
      "type": "checkbox",
      "memory": [
        {
          "offset": "152B1D",
          "on": "909090909090",
          "off": "81FE00CA9A3B"
        }
      ]
    },
    {
      "name": "Max HP (!DONT COMBINE STATUS CHEAT / MAX LVL!)",
      "type": "checkbox",
      "memory": [
        {
          "offset": "15E7D5",
          "on": "BE3F420F00",
          "off": "BF0F270000"
        }
      ]
    },
    {
      "name": "Max Cats Spirit",
      "type": "checkbox",
      "memory": [
        {
          "offset": "154D8F",
          "on": "BE8096980090",
          "off": "81FE80969800"
        }
      ]
    },
    {
      "name": "Increase item use",
      "type": "checkbox",
      "memory": [
        {
          "offset": "1499CE",
          "on": "01349890",
          "off": "44893C98"
        }
      ]
    },
    {
      "name": "Skip Battle + 9999 HP (Bind)",
      "type": "checkbox",
      "memory": [
        {
          "offset": "15E826",
          "on": "897924909090",
          "off": "89B150450000"
        }
      ]
    },
    {
      "name": "Skip Battle + Max Base ATK (Bind)",
      "type": "checkbox",
      "memory": [
        {
          "offset": "15E826",
          "on": "897930909090",
          "off": "89B150450000"
        }
      ]
    },
    {
      "name": "Skip Battle + Max Base Def (Bind)",
      "type": "checkbox",
      "memory": [
        {
          "offset": "15E826",
          "on": "897934909090",
          "off": "89B150450000"
        }
      ]
    },
    {
      "name": "Skip Battle + Max Base Arte ATK (Bind)",
      "type": "checkbox",
      "memory": [
        {
          "offset": "15E826",
          "on": "897938909090",
          "off": "89B150450000"
        }
      ]
    },
    {
      "name": "Skip Battle + Max Base Arte Def (Bind)",
      "type": "checkbox",
      "memory": [
        {
          "offset": "15E826",
          "on": "89793C909090",
          "off": "89B150450000"
        }
      ]
    },
    {
      "name": "Skip Battle + Max Base Focus (Bind)",
      "type": "checkbox",
      "memory": [
        {
          "offset": "15E826",
          "on": "897940909090",
          "off": "89B150450000"
        }
      ]
    },
    {
      "name": "Skip Battle only",
      "type": "checkbox",
      "memory": [
        {
          "offset": "15E826",
          "on": "909090909090",
          "off": "89B150450000"
        }
      ]
    },
    {
      "name": "Max Lvl",
      "type": "checkbox",
      "memory": [
        {
          "offset": "13C7800",
          "on": "B9FFC99A3B89481CE9376FD9FE",
          "off": "00000000000000000000000000"
        },
        {
          "offset": "15E73F",
          "on": "E9BC902601",
          "off": "B99F0F0000"
        }
      ]
    },
    {
      "name": "Unlimited Tales coins (get / spend)",
      "type": "checkbox",
      "memory": [
        {
          "offset": "15518E",
          "on": "909090909090",
          "off": "81FE00E1F505"
        }
      ]
    },
    {
      "name": "Blast Gauge (Open any Battle menu)",
      "type": "checkbox",
      "memory": [
        {
          "offset": "15E64B",
          "on": "41894D14",
          "off": "41897514"
        }
      ]
    }
  ],
  "credits": [
    "d01v"
  ]
}