{
  "name": "Shenmue",
  "id": "CUSA08355",
  "version": "01.03",
  "process": "eboot.bin",
  "mods": [
    {
      "name": "Infinite Health",
      "type": "checkbox",
      "memory": [
        {
          "offset": "93F800",
          "on": "01C88B433C894340E9FE318BFF",
          "off": "00000000000000000000000000"
        },
        {
          "offset": "1F2A06",
          "on": "E9F5CD7400",
          "off": "01C8894340"
        }
      ]
    },
    {
      "name": "Max Money On buy",
      "type": "checkbox",
      "memory": [
        {
          "offset": "19B509",
          "on": "909090",
          "off": "8B4018"
        }
      ]
    }
  ],
  "credits": [
    "IMnoob"
  ]
}