{
  "name": "Uncharted 4: A Thief’s End™",
  "id": "CUSA00341",
  "version": "01.00",
  "process": "eboot.bin",
  "mods": [
    {
      "name": "L3 + Upper L or Upper R Touch Pad",
      "type": "checkbox",
      "memory": [
        {
          "offset": "228F800",
          "on": "5348BB8883400008000000488B1B4883E302750DC680952E0000005BE929F2E9FDC680952E0000015BE91CF2E9FD",
          "off": "00000000000000000000000000000000000000000000000000000000000000000000000000000000000000000000"
        },
        {
          "offset": "12EA43",
          "on": "E9B80D16029090",
          "off": "80B8952E000000"
        }
      ]
    }
  ],
  "credits": [
    "hejran7"
  ]
}