{
  "name": "KINGDOM HEARTS HD 2.8 FINAL CHAPTER PROLOGUE",
  "id": "CUSA05787",
  "version": "01.00",
  "process": "kh3d.elf",
  "mods": [
    {
      "name": "Godmode",
      "type": "checkbox",
      "memory": [
        {
          "offset": "89F800",
          "on": "66899736070000668B9734070000E90A6493FF",
          "off": "00000000000000000000000000000000000000"
        },
        {
          "offset": "1D5C16",
          "on": "E9E59B6C009090",
          "off": "66899734070000"
        }
      ]
    },
    {
      "name": "Infinite Money",
      "type": "checkbox",
      "memory": [
        {
          "offset": "89F823",
          "on": "B97F9698008988E8120000E9EC97A0FF",
          "off": "00000000000000000000000000000000"
        },
        {
          "offset": "2A9019",
          "on": "E905685F0090",
          "off": "8988E8120000"
        }
      ]
    },
    {
      "name": "Infinite Max Sora / Riku Exp",
      "type": "checkbox",
      "memory": [
        {
          "offset": "2A8F10",
          "on": "9090909090",
          "off": "C5FC105340"
        },
        {
          "offset": "89F845",
          "on": "48C7C17F96980048890BC5FC1003C5FC104B20E9B396A0FF",
          "off": "000000000000000000000000000000000000000000000000"
        },
        {
          "offset": "2A8F0B",
          "on": "E935695F00",
          "off": "C5FC104B20"
        }
      ]
    },
    {
      "name": "Infinite Max Pet Exp ",
      "type": "checkbox",
      "memory": [
        {
          "offset": "89F833",
          "on": "41BD7F96980044012DB52F7800E9A6D597FF",
          "off": "000000000000000000000000000000000000"
        },
        {
          "offset": "21CDE4",
          "on": "E94A2A68009090",
          "off": "44012DB52F7800"
        }
      ]
    }
  ],
  "credits": [
    "Weysincha"
  ]
}