{
  "name": "The Evil Within® 2",
  "id": "CUSA06164",
  "version": "01.04",
  "process": "eboot.bin",
  "mods": [
    {
      "name": "Infinite Health",
      "type": "checkbox",
      "memory": [
        {
          "offset": "F284EE",
          "on": "C5FA5F8FC80B0000",
          "off": "C5FA5D8FC80B0000"
        }
      ]
    },
    {
      "name": "Bottomless Clip",
      "type": "checkbox",
      "memory": [
        {
          "offset": "11C3A6E",
          "on": "9090",
          "off": "29D9"
        },
        {
          "offset": "11C3A8D",
          "on": "909090909090",
          "off": "2B8AA4030000"
        }
      ]
    },
    {
      "name": "Infinite Stamina",
      "type": "checkbox",
      "memory": [
        {
          "offset": "10648D6",
          "on": "C5F828C1",
          "off": "C5F25CC0"
        },
        {
          "offset": "103DDB1",
          "on": "C5FA1083E0170000",
          "off": "C5FA5883E0170000"
        },
        {
          "offset": "1074F4D",
          "on": "9090909090909090",
          "off": "C5FA580507420801"
        }
      ]
    },
    {
      "name": "Infinite Weapon Parts",
      "type": "checkbox",
      "memory": [
        {
          "offset": "11C056E",
          "on": "909090",
          "off": "4401E8"
        }
      ]
    },
    {
      "name": "Max Items on 2nd Pick",
      "type": "checkbox",
      "memory": [
        {
          "offset": "11C10A6",
          "on": "909090",
          "off": "0F4EC8"
        }
      ]
    },
    {
      "name": "Infinite Bottles",
      "type": "checkbox",
      "memory": [
        {
          "offset": "11C0B19",
          "on": "9090",
          "off": "29CE"
        }
      ]
    },
    {
      "name": "Infinite Resources",
      "type": "checkbox",
      "memory": [
        {
          "offset": "11C1709",
          "on": "9090",
          "off": "29D0"
        }
      ]
    }
  ],
  "credits": [
    "TLH"
  ]
}