{
  "name": "Dying Light: The Following – Enhanced Edition",
  "id": "CUSA03977",
  "version": "01.19",
  "process": "eboot.bin",
  "mods": [
    {
      "name": "Infinite Health",
      "type": "checkbox",
      "memory": [
        {
          "offset": "7FC48930",
          "on": "C783241200000000C842E94F6DE880",
          "off": "000000000000000000000000000000"
        },
        {
          "offset": "ACF686",
          "on": "E9A592177F909090",
          "off": "C5FA118324120000"
        }
      ]
    },
    {
      "name": "Infinite Endurance (For Fight)",
      "type": "checkbox",
      "memory": [
        {
          "offset": "7FC48720",
          "on": "C4C17A105710E909FBFC80",
          "off": "0000000000000000000000"
        },
        {
          "offset": "C1822E",
          "on": "E9ED04037F90",
          "off": "C4C17A115710"
        }
      ]
    },
    {
      "name": "Infinite Breathe (For Run)",
      "type": "checkbox",
      "memory": [
        {
          "offset": "7FC49C20",
          "on": "C5FA105310E956E6FB80",
          "off": "00000000000000000000"
        },
        {
          "offset": "C0827B",
          "on": "E9A019047F",
          "off": "C5FA115310"
        }
      ]
    },
    {
      "name": "Infinite/Dupe Items (Need 2/Disable after you have enough)",
      "type": "checkbox",
      "memory": [
        {
          "offset": "6296EB",
          "on": "450137",
          "off": "458937"
        }
      ]
    },
    {
      "name": "Infinite Items (Need 2 To Work)",
      "type": "checkbox",
      "memory": [
        {
          "offset": "6296EB",
          "on": "909090",
          "off": "458937"
        }
      ]
    },
    {
      "name": "Max/Infinite Ammo",
      "type": "checkbox",
      "memory": [
        {
          "offset": "7FC48500",
          "on": "41890741C60763E9DD119E80",
          "off": "000000000000000000000000"
        },
        {
          "offset": "6296E1",
          "on": "E91AEE617F909090",
          "off": "E86AB0F200418907"
        }
      ]
    },
    {
      "name": "No Reload",
      "type": "checkbox",
      "memory": [
        {
          "offset": "7FC48D60",
          "on": "448B7C0804E9CD26FB80",
          "off": "00000000000000000000"
        },
        {
          "offset": "BFB432",
          "on": "E929D9047F",
          "off": "44897C0804"
        }
      ]
    },
    {
      "name": "Max/Infinite Arrows",
      "type": "checkbox",
      "memory": [
        {
          "offset": "7FC489B0",
          "on": "C644080463E97D2AFB80",
          "off": "00000000000000000000"
        },
        {
          "offset": "BFB432",
          "on": "E979D5047F",
          "off": "44897C0804"
        }
      ]
    },
    {
      "name": "Infinite Melee Durability",
      "type": "checkbox",
      "memory": [
        {
          "offset": "7FC49170",
          "on": "C5FA104304E9B1099E80",
          "off": "00000000000000000000"
        },
        {
          "offset": "629B26",
          "on": "E945F6617F",
          "off": "C5FA114304"
        }
      ]
    },
    {
      "name": "Infinite UV Flashlight",
      "type": "checkbox",
      "memory": [
        {
          "offset": "7FC48770",
          "on": "C5FA1107C5FA1007E978B4F680",
          "off": "00000000000000000000000000"
        },
        {
          "offset": "BB3BED",
          "on": "E97E4B097F909090",
          "off": "C5EA5CC0C5FA1107"
        }
      ]
    },
    {
      "name": "Infinite Grappling Hook Stamina",
      "type": "checkbox",
      "memory": [
        {
          "offset": "7FC48DA0",
          "on": "C4C17A104640E9154D0681",
          "off": "0000000000000000000000"
        },
        {
          "offset": "CADABA",
          "on": "E9E1B2F97E90",
          "off": "C4C17A114640"
        }
      ]
    },
    {
      "name": "Infinite Camouflage",
      "type": "checkbox",
      "memory": [
        {
          "offset": "7FC4B2E0",
          "on": "C5FA104314E99B89FB80",
          "off": "00000000000000000000"
        },
        {
          "offset": "C03C80",
          "on": "E95B76047F",
          "off": "C5FA114314"
        }
      ]
    },
    {
      "name": "Max Level All Skill Points On Gain",
      "type": "checkbox",
      "memory": [
        {
          "offset": "7FC48D70",
          "on": "488908C700FFC99A3BE90572F080",
          "off": "0000000000000000000000000000"
        },
        {
          "offset": "B4FF7D",
          "on": "E9EE8D0F7F90",
          "off": "4889084584E4"
        }
      ]
    },
    {
      "name": "Max/Infinite Money On Gain",
      "type": "checkbox",
      "memory": [
        {
          "offset": "7FC48B40",
          "on": "0F4EC841C7453C3F420F00E9561EFB80",
          "off": "00000000000000000000000000000000"
        },
        {
          "offset": "BFA99F",
          "on": "E99CE1047F9090",
          "off": "0F4EC841894D3C"
        }
      ]
    },
    {
      "name": "Max/Infinite Money On Buy",
      "type": "checkbox",
      "memory": [
        {
          "offset": "7FC491B0",
          "on": "4189463C41C7463C3F420F00E92F1AFB80",
          "off": "0000000000000000000000000000000000"
        },
        {
          "offset": "BFABE9",
          "on": "E9C2E5047F9090",
          "off": "4429F84189463C"
        }
      ]
    },
    {
      "name": "Weather Change",
      "type": "checkbox",
      "memory": [
        {
          "offset": "7FC49170",
          "on": "C5FA1100C5FA1108E984A55381",
          "off": "00000000000000000000000000"
        },
        {
          "offset": "11836F8",
          "on": "E9735AAC7E90909090",
          "off": "C5FA1045F4C5FA1100"
        }
      ]
    }
  ],
  "credits": [
    "Celogamez_9.00"
  ]
}