{
  "name": "theHunter: Call of the Wild",
  "id": "CUSA08661",
  "version": "01.65",
  "process": "eboot.bin",
  "mods": [
    {
      "name": "Infinite Ammo",
      "type": "checkbox",
      "memory": [
        {
          "offset": "142A60D",
          "on": "90909090",
          "off": "8974C104"
        }
      ]
    },
    {
      "name": "XP multiplier",
      "type": "checkbox",
      "memory": [
        {
          "offset": "18A2214",
          "on": "4101BD08030000",
          "off": "4189BD08030000"
        }
      ]
    },
    {
      "name": "Skill Points Multiplier",
      "type": "checkbox",
      "memory": [
        {
          "offset": "1A156A3",
          "on": "018734030000",
          "off": "898734030000"
        }
      ]
    },
    {
      "name": "Perk Points Multiplier",
      "type": "checkbox",
      "memory": [
        {
          "offset": "1A1567D",
          "on": "018738030000",
          "off": "898738030000"
        }
      ]
    },
    {
      "name": "Money Multiplier (On Buy)",
      "type": "checkbox",
      "memory": [
        {
          "offset": "19B0B85",
          "on": "0182C0030000",
          "off": "8982C0030000"
        }
      ]
    },
    {
      "name": "Infinite Consumables",
      "type": "checkbox",
      "memory": [
        {
          "offset": "18E4FFB",
          "on": "9090909090909090",
          "off": "41898498C0130000"
        }
      ]
    }
  ],
  "credits": [
    "Wander"
  ]
}