{
  "name": "Monster Hunter:World",
  "id": "CUSA07708",
  "version": "02.00",
  "process": "eboot.bin",
  "mods": [
    {
      "name": "Godmode",
      "hint": null,
      "type": "checkbox",
      "memory": [
        {
          "offset": "2A03F6C",
          "on": "9090909090",
          "off": "C5FA114864"
        }
      ]
    },
    {
      "name": "Infinite Stamina",
      "hint": null,
      "type": "checkbox",
      "memory": [
        {
          "offset": "2BB4E6F",
          "on": "9090909090",
          "off": "C5FA11436C"
        }
      ]
    },
    {
      "name": "Duplicate Money After Use",
      "hint": null,
      "type": "checkbox",
      "memory": [
        {
          "offset": "1793AB6",
          "on": "01",
          "off": "89"
        }
      ]
    },
    {
      "name": "Infinite Items",
      "hint": null,
      "type": "checkbox",
      "memory": [
        {
          "offset": "20FFE49",
          "on": "909090",
          "off": "895E0C"
        }
      ]
    },
    {
      "name": "Duplicate Items After Use",
      "hint": null,
      "type": "checkbox",
      "memory": [
        {
          "offset": "20FFE49",
          "on": "015E0C",
          "off": "895E0C"
        }
      ]
    }
  ],
  "credits": [
    "Talixme"
  ]
}