{
  "name": "Dishonored 2",
  "id": "CUSA03604",
  "version": "01.05",
  "process": "eboot.bin",
  "mods": [
    {
      "name": "Infinite Mana",
      "type": "checkbox",
      "memory": [
        {
          "offset": "7FC5B330",
          "on": "C6472000E97A17C581",
          "off": "000000000000000000"
        },
        {
          "offset": "18ACAAE",
          "on": "E97DE83A7E",
          "off": "C5FA114720"
        }
      ]
    },
    {
      "name": "Infinite Items/bullets/runes (on use)",
      "type": "checkbox",
      "memory": [
        {
          "offset": "7FC5B080",
          "on": "85DBC64431200AE90E459581",
          "off": "000000000000000000000000"
        },
        {
          "offset": "15AF594",
          "on": "E9E7BA6A7E90",
          "off": "85DB895C3120"
        }
      ]
    },
    {
      "name": "Infinite Breeath",
      "type": "checkbox",
      "memory": [
        {
          "offset": "7FC5B7A0",
          "on": "C6404000E9FED6F281",
          "off": "000000000000000000"
        },
        {
          "offset": "1B88EA2",
          "on": "E9F9280D7E",
          "off": "C5FA114040"
        }
      ]
    },
    {
      "name": "max money(on grab disable before leaving places)",
      "type": "checkbox",
      "memory": [
        {
          "offset": "7FC5B7E0",
          "on": "4181876C0100003F420F00E921409581",
          "off": "00000000000000000000000000000000"
        },
        {
          "offset": "15AF80A",
          "on": "E9D1BF6A7E9090",
          "off": "4501B76C010000"
        }
      ]
    }
  ],
  "credits": [
    "Wander FW9.00"
  ]
}