{
  "name": "Just Cause 3",
  "id": "CUSA01493",
  "version": "01.05",
  "process": "eboot.bin",
  "mods": [
    {
      "name": "Godmode",
      "hint": null,
      "type": "checkbox",
      "memory": [
        {
          "offset": "1482ADE",
          "on": "90909090909090",
          "off": "C7434000000000"
        }
      ]
    },
    {
      "name": "Infinite Ammo",
      "hint": null,
      "type": "checkbox",
      "memory": [
        {
          "offset": "1105482",
          "on": "9090909090909090",
          "off": "4689A4ABA8010000"
        }
      ]
    },
    {
      "name": "No Reload",
      "hint": null,
      "type": "checkbox",
      "memory": [
        {
          "offset": "11DCC54",
          "on": "90909090909090",
          "off": "4489B328020000"
        }
      ]
    }
  ],
  "credits": [
    "Talixme"
  ]
}