{
  "name": "Uncharted: The Nathan Drake Collection™",
  "id": "CUSA02320",
  "version": "01.00",
  "process": "eboot.bin",
  "mods": [
    {
      "name": "L3 + Upper L or Upper R Touch Pad",
      "type": "checkbox",
      "memory": [
        {
          "offset": "95F800",
          "on": "5148B98883400008000000488B094883E102750DC683444800000059E9AB5E90FFC683444800000159E99E5E90FF",
          "off": "00000000000000000000000000000000000000000000000000000000000000000000000000000000000000000000"
        },
        {
          "offset": "2656C5",
          "on": "E936A16F009090",
          "off": "80BB4448000000"
        }
      ]
    },
    {
      "name": "Enable FPS View - Hold L3",
      "type": "checkbox",
      "memory": [
        {
          "offset": "2CF8B8",
          "on": "0F84AC0E0000",
          "off": "0F85AC0E0000"
        }
      ]
    },
    {
      "name": "Enable Task View - Hold L3",
      "type": "checkbox",
      "memory": [
        {
          "offset": "95F82E",
          "on": "5148B98883400008000000488B094883E102750DC680B93900000159E97ED9A0FFC680B93900000059E971D9A0FF",
          "off": "00000000000000000000000000000000000000000000000000000000000000000000000000000000000000000000"
        },
        {
          "offset": "36D1C6",
          "on": "E963265F009090",
          "off": "80B8B939000000"
        }
      ]
    }
  ],
  "credits": [
    "hejran7"
  ]
}