{
  "name": "Devil May Cry 4 Special Edition",
  "id": "CUSA01708",
  "version": "01.00",
  "process": "eboot.bin",
  "mods": [
    {
      "name": "Godmode",
      "type": "checkbox",
      "memory": [
        {
          "offset": "ee7232",
          "on": "C5FA104340C5FA5CD983BB9C000000030F85A4EA3AFFE9A4EA3AFF",
          "off": "000000000000000000000000000000000000000000000000000000"
        },
        {
          "offset": "295ce3",
          "on": "E94A15C500",
          "off": "C5FA104340C5FA5CD9"
        }
      ]
    },
    {
      "name": "Infinite Nero Blade Trigger",
      "type": "checkbox",
      "memory": [
        {
          "offset": "5e050a",
          "on": "909090909090",
          "off": "8983100D0100"
        }
      ]
    },
    {
      "name": "Infinite Vergil Devil Trigger",
      "type": "checkbox",
      "memory": [
        {
          "offset": "5977d4",
          "on": "9090909090909090",
          "off": "C5FA1083682A0000"
        },
        {
          "offset": "5976dd",
          "on": "9090909090909090",
          "off": "C5FA118B642A0000"
        }
      ]
    },
    {
      "name": "Infinite Devilstar Item",
      "type": "checkbox",
      "memory": [
        {
          "offset": "21fc55",
          "on": "BA0A00000090",
          "off": "83FB0A0F4ED3"
        }
      ]
    },
    {
      "name": "Infinite Red Orbs",
      "type": "checkbox",
      "memory": [
        {
          "offset": "203be4",
          "on": "B8000F243F90",
          "off": "8B8384010000"
        }
      ]
    },
    {
      "name": "Infinite Blue Orbs/Rose",
      "type": "checkbox",
      "memory": [
        {
          "offset": "22004c",
          "on": "B8000F243F",
          "off": "3D3F420F00"
        },
        {
          "offset": "220078",
          "on": "B8000F243F",
          "off": "3D3F420F00"
        }
      ]
    }
  ],
  "credits": [
    "Weysincha"
  ]
}