{
  "name": "NieR: Automata",
  "id": "CUSA04551",
  "version": "01.00",
  "process": "eboot.bin",
  "mods": [
    {
      "name": "Godmode",
      "hint": null,
      "type": "checkbox",
      "memory": [
        {
          "offset": "6DA35E",
          "on": "018310060100",
          "off": "898310060100"
        }
      ]
    },
    {
      "name": "Max Level",
      "hint": null,
      "type": "button",
      "memory": [
        {
          "offset": "A96B16",
          "on": "B87F96980089C190",
          "off": "B87F96980089C190"
        }
      ]
    }
  ],
  "credits": [
    "Weysincha"
  ]
}