{
  "name": "Batman : Arkham Knight",
  "id": "CUSA00135",
  "version": "01.14",
  "process": "eboot.bin",
  "mods": [
    {
      "name": "Godmode",
      "type": "checkbox",
      "memory": [
        {
          "offset": "7507df",
          "on": "E91DF4FF019090",
          "off": "418907488B4DC0"
        },
        {
          "offset": "274fc01",
          "on": "6641817F642B020F8509000000488B4DC0E9CF0B00FE41890790488B4DC0E9C20B00FE",
          "off": "6641817F642B020F8509000000488B4DC0E9CF0B00FE41890790488B4DC0E9C20B00FE"
        }
      ]
    },
    {
      "name": "1 Hit Kill",
      "type": "checkbox",
      "memory": [
        {
          "offset": "7507df",
          "on": "E91DF4FF019090",
          "off": "E91DF4FF019090"
        },
        {
          "offset": "274fc01",
          "on": "6641817F642B020F8509000000488B4DC0E9CF0B00FE41C60700488B4DC0E9C20B00FE",
          "off": "6641817F642B020F8509000000488B4DC0E9CF0B00FE41890790488B4DC0E9C20B00FE"
        }
      ]
    },
    {
      "name": "Infinite Skills Points",
      "type": "checkbox",
      "memory": [
        {
          "offset": "7507df",
          "on": "E91DF4FF019090",
          "off": "E91DF4FF019090"
        },
        {
          "offset": "274fc01",
          "on": "6641817F642B020F8509000000488B4DC0E9CF0B00FE6641817F6402000F850D000000488B4DC041C607FFE9B50B00FE418907488B4DC0E9A90B00FE",
          "off": "6641817F642B020F8509000000488B4DC0E9CF0B00FE41890790488B4DC0E9C20B00FE00000000000000000000000000000000000000000000000000"
        }
      ]
    }
  ],
  "credits": [
    "Talixme"
  ]
}