{
  "name": "Valkyria Revolution",
  "id": "CUSA06810",
  "version": "01.00",
  "process": "eboot.bin",
  "mods": [
    {
      "name": "Refill + Infinite RP on Use| Selected Characters",
      "type": "checkbox",
      "memory": [
        {
          "offset": "4C7C39",
          "on": "9090",
          "off": "39C1"
        }
      ]
    },
    {
      "name": "Refill + Infinite HP When Hit| Selected Characters",
      "type": "checkbox",
      "memory": [
        {
          "offset": "5F2E9D",
          "on": "9090",
          "off": "39C3"
        }
      ]
    },
    {
      "name": "Infinite Money",
      "type": "checkbox",
      "memory": [
        {
          "offset": "2F8226",
          "on": "909090",
          "off": "897064"
        }
      ]
    },
    {
      "name": "Max Money On Sell",
      "type": "checkbox",
      "memory": [
        {
          "offset": "2F819F",
          "on": "909090909090",
          "off": "81FE3F420F00"
        }
      ]
    },
    {
      "name": "Max Items on Sell",
      "type": "checkbox",
      "memory": [
        {
          "offset": "8B3F40",
          "on": "B263889408701C0000E9C842A4FF",
          "off": "0000000000000000000000000000"
        },
        {
          "offset": "2F820F",
          "on": "E92CBD5B009090",
          "off": "889408701C0000"
        }
      ]
    },
    {
      "name": "Infinite Items",
      "type": "checkbox",
      "memory": [
        {
          "offset": "2F820F",
          "on": "90909090909090",
          "off": "889408701C0000"
        }
      ]
    },
    {
      "name": "Max Materials on Sell",
      "type": "checkbox",
      "memory": [
        {
          "offset": "8B3F40",
          "on": "B26388940858200000E9D846A4FF",
          "off": "0000000000000000000000000000"
        },
        {
          "offset": "2F861F",
          "on": "E91CB95B009090",
          "off": "88940858200000"
        }
      ]
    },
    {
      "name": "Infinite Materials",
      "type": "checkbox",
      "memory": [
        {
          "offset": "2F861F",
          "on": "90909090909090",
          "off": "88940858200000"
        }
      ]
    },
    {
      "name": "Infinite Sub Weapons| Long Arms",
      "type": "checkbox",
      "memory": [
        {
          "offset": "5F0947",
          "on": "909090909090",
          "off": "898764010000"
        }
      ]
    },
    {
      "name": "Infinite Sub Weapons| Grenades",
      "type": "checkbox",
      "memory": [
        {
          "offset": "5F09A7",
          "on": "909090909090",
          "off": "89878C010000"
        }
      ]
    },
    {
      "name": "Infinite Consumables Items in Battle",
      "type": "checkbox",
      "memory": [
        {
          "offset": "5F09E6",
          "on": "9090",
          "off": "8937"
        }
      ]
    }
  ],
  "credits": [
    "GamerX2"
  ]
}