{
  "name": "2Dark",
  "id": "CUSA04802",
  "version": "01.00",
  "process": "eboot.bin",
  "mods": [
    {
      "name": "Infinite Ammo",
      "type": "checkbox",
      "memory": [
        {
          "offset": "171d96",
          "on": "9090909090909090",
          "off": "41FF8C2400040000"
        }
      ]
    },
    {
      "name": "Infinite Flashlight",
      "type": "checkbox",
      "memory": [
        {
          "offset": "14f6cb",
          "on": "9090909090909090",
          "off": "4189942400040000"
        }
      ]
    }
  ],
  "credits": [
    "DeathRGH"
  ]
}