{
  "name": "Call of Duty®: WWII",
  "id": "CUSA05969",
  "version": "01.25",
  "process": "default.elf",
  "mods": [
    {
      "name": "INF Throwable",
      "type": "checkbox",
      "memory": [
        {
          "offset": "90E04E",
          "on": "909090",
          "off": "FF4810"
        }
      ]
    },
    {
      "name": "INF Ammo",
      "type": "checkbox",
      "memory": [
        {
          "offset": "934DE7",
          "on": "9090909090",
          "off": "4429648810"
        }
      ]
    },
    {
      "name": "INF MedKit",
      "type": "checkbox",
      "memory": [
        {
          "offset": "7313C7",
          "on": "90909090",
          "off": "45897704"
        }
      ]
    }
  ],
  "credits": [
    "M3hdi PS"
  ]
}