{
  "name": "Nioh",
  "id": "CUSA07123",
  "version": "01.00",
  "process": "eboot.bin",
  "master": {
    "challenged": "yes",
    "memory": [
      {
        "offset": "10CB800",
        "on": "498B46204989462089C15348C7C3004000004C89335BE954BC4DFF"
      },
      {
        "offset": "5A7469",
        "on": "E99243B20090"
      }
    ]
  },
  "mods": [
    {
      "name": "God Mode",
      "type": "checkbox",
      "memory": [
        {
          "offset": "10CB800",
          "on": "498B4618",
          "off": "498B4620"
        }
      ]
    },
    {
      "name": "2 hit kill",
      "type": "checkbox",
      "memory": [
        {
          "offset": "10CB81B",
          "on": "534889FB4883EB10483B1DD687B3FE740748C7C10000000048894F105B4839C80F84EC290BFFE9B9290BFF",
          "off": "00000000000000000000000000000000000000000000000000000000000000000000000000000000000000"
        },
        {
          "offset": "17E1F6",
          "on": "E920D6F4009090",
          "off": "48894F104839C8"
        }
      ]
    },
    {
      "name": "infinit Ki",
      "type": "checkbox",
      "memory": [
        {
          "offset": "10CB846",
          "on": "C4E3614AE850C5FA106F04C5FA112FE9C3480BFF",
          "off": "0000000000000000000000000000000000000000"
        },
        {
          "offset": "180117",
          "on": "E92AB7F40090",
          "off": "C4E3614AE850"
        }
      ]
    }
  ],
  "credits": [
    "ShininGami"
  ]
}