{
  "name": "The Technomancer",
  "id": "CUSA03824",
  "version": "01.00",
  "process": "eboot.bin",
  "mods": [
    {
      "name": "God Mode",
      "hint": null,
      "type": "checkbox",
      "memory": [
        {
          "offset": "CF3800",
          "on": "488DBB3801000051B90000C84281BB480100000000C8427504660F6EC159E983187CFF",
          "off": "0000000000000000000000000000000000000000000000000000000000000000000000"
        },
        {
          "offset": "4B509F",
          "on": "E95CE783009090",
          "off": "488DBB38010000"
        }
      ]
    },
    {
      "name": "Inf Powers",
      "hint": null,
      "type": "checkbox",
      "memory": [
        {
          "offset": "4B517C",
          "on": "9090909090909090",
          "off": "C5FA118760010000"
        }
      ]
    },
    {
      "name": "Gain Money after Shop",
      "hint": null,
      "type": "checkbox",
      "memory": [
        {
          "offset": "536891",
          "on": "01CA",
          "off": "29CA"
        }
      ]
    }
  ],
  "credits": [
    "Vampirexx"
  ]
}