{
  "name": "Dead Rising 4: Frank Big Package",
  "id": "CUSA08558",
  "version": "01.01",
  "process": "eboot.bin",
  "mods": [
    {
      "name": "Godmode",
      "hint": null,
      "type": "checkbox",
      "memory": [
        {
          "offset": "2F1700A",
          "on": "39C80F4FC141837D3C010F8548FD25FFE947FD25FF",
          "off": "000000000000000000000000000000000000000000"
        },
        {
          "offset": "2176D5D",
          "on": "E9A802DA00",
          "off": "39C80F4FC1"
        }
      ]
    },
    {
      "name": "Infinite Ammo",
      "hint": null,
      "type": "checkbox",
      "memory": [
        {
          "offset": "211FB2B",
          "on": "9090909090488B85",
          "off": "C5FA114328488B85"
        }
      ]
    },
    {
      "name": "Set Money to 8.999.999",
      "hint": null,
      "type": "button",
      "memory": [
        {
          "offset": "20047962C",
          "on": "3F548900",
          "off": "3F548900"
        }
      ]
    },
    {
      "name": "Set Skillpoints to 999",
      "hint": null,
      "type": "button",
      "memory": [
        {
          "offset": "21A1EE8A8",
          "on": "E7030000",
          "off": "E7030000"
        }
      ]
    },
    {
      "name": "Max Level",
      "hint": null,
      "type": "button",
      "memory": [
        {
          "offset": "21A1ECD48",
          "on": "7F969800",
          "off": "7F969800"
        }
      ]
    },
    {
      "name": "Set Kill series to 9.999.999",
      "hint": null,
      "type": "button",
      "memory": [
        {
          "offset": "21A1E9D44",
          "on": "7F969800",
          "off": "7F969800"
        }
      ]
    }
  ],
  "credits": [
    "Weysincha"
  ]
}