{
  "name": "AC: Origins",
  "id": "CUSA05625",
  "version": "01.41",
  "process": "eboot.bin",
  "mods": [
    {
      "name": "Godmode",
      "hint": null,
      "type": "checkbox",
      "memory": [
        {
          "offset": "3950C06",
          "on": "018FD4",
          "off": "898FD4"
        }
      ]
    },
    {
      "name": "Infinite Arrows",
      "hint": null,
      "type": "checkbox",
      "memory": [
        {
          "offset": "3E3E529",
          "on": "9090",
          "off": "29C8"
        }
      ]
    },
    {
      "name": "21 Skillpoints / Kill",
      "hint": null,
      "type": "checkbox",
      "memory": [
        {
          "offset": "4177C10",
          "on": "6641C78314010000FFFF",
          "off": "4529E74189B314010000"
        }
      ]
    },
    {
      "name": "Max Money",
      "hint": null,
      "type": "button",
      "memory": [
        {
          "offset": "3E3E524",
          "on": "B87E9698009090",
          "off": "B87E9698009090"
        }
      ]
    }
  ],
  "credits": [
    "Talixme",
    "Weysincha"
  ]
}