{
  "name": "Stellaris: Console Edition",
  "id": "CUSA07254",
  "version": "01.52",
  "process": "eboot.bin",
  "mods": [
    {
      "name": "Stellaris Backport 5.05 Game Version 01.52",
      "type": "checkbox",
      "memory": [
        {
          "offset": "17FD9F1",
          "on": "C390",
          "off": "0000"
        }
      ]
    },
    {
      "name": "Infinite Resources",
      "type": "checkbox",
      "memory": [
        {
          "offset": "17FD9D1",
          "on": "B9FFC99A3B41894C2408418B4C2408E91E47DFFE",
          "off": "0000000000000000000000000000000000000000"
        },
        {
          "offset": "5F20FE",
          "on": "E9CEB82001",
          "off": "418B4C2408"
        }
      ]
    }
  ],
  "credits": [
    "d01v_9.00"
  ]
}