{
  "name": "Tom Clancys Ghost Recon® Wildlands",
  "id": "CUSA02821",
  "version": "01.29",
  "process": "eboot.bin",
  "mods": [
    {
      "name": "Stealth Master Code",
      "type": "checkbox",
      "memory": [
        {
          "offset": "0577F800",
          "on": "C64778008A4778C390E98727E8FA",
          "off": "0000000000000000000000000000"
        },
        {
          "offset": "601F90",
          "on": "E96BD81705",
          "off": "8A4778C390"
        }
      ]
    },
    {
      "name": "Infinite Health Player",
      "type": "checkbox",
      "memory": [
        {
          "offset": "036C5AB0",
          "on": "C3",
          "off": "55"
        }
      ]
    },
    {
      "name": "No Blood On Screen",
      "type": "checkbox",
      "memory": [
        {
          "offset": "036C4E80",
          "on": "C3",
          "off": "55"
        }
      ]
    },
    {
      "name": "Stealth (Player Only)",
      "type": "checkbox",
      "memory": [
        {
          "offset": "0577F800",
          "on": "C6477801",
          "off": "C6477800"
        }
      ]
    },
    {
      "name": "Infinite Clip Ammo",
      "type": "checkbox",
      "memory": [
        {
          "offset": "2448B0",
          "on": "C3",
          "off": "55"
        }
      ]
    },
    {
      "name": "Infinite Throwable",
      "type": "checkbox",
      "memory": [
        {
          "offset": "0577F80E",
          "on": "66C7475009000FB74750C3E902548FFA",
          "off": "00000000000000000000000000000000"
        },
        {
          "offset": "074C20",
          "on": "E9E9AB7005",
          "off": "0FB74750C3"
        }
      ]
    },
    {
      "name": "Infinite Skill Points",
      "type": "checkbox",
      "memory": [
        {
          "offset": "0577F837",
          "on": "B8E703000083FE037505E9004CD2FA89F08B448710E9F54BD2FA",
          "off": "0000000000000000000000000000000000000000000000000000"
        },
        {
          "offset": "4A4440",
          "on": "E9F2B32D0590",
          "off": "89F08B448710"
        }
      ]
    },
    {
      "name": "Extra Suply [Suply Raid Mission]",
      "type": "checkbox",
      "memory": [
        {
          "offset": "0577F81E",
          "on": "41C7868C0000008096184BC4C17A2A868C000000E981BACDFA",
          "off": "00000000000000000000000000000000000000000000000000"
        },
        {
          "offset": "45B2AF",
          "on": "E96A45320590909090",
          "off": "C4C17A2A868C000000"
        }
      ]
    },
    {
      "name": "Unlock Tier One (On 1st Gain XP)",
      "type": "checkbox",
      "memory": [
        {
          "offset": "495718",
          "on": "448808",
          "off": "448A08"
        }
      ]
    }
  ],
  "credits": [
    "KevinTamvan"
  ]
}