{
  "name": "Sundered",
  "id": "CUSA07282",
  "version": "01.14",
  "process": "eboot.bin",
  "mods": [
    {
      "name": "Health / 1 Hit (Master Code)",
      "type": "checkbox",
      "memory": [
        {
          "offset": "13E3800",
          "on": "837B28287505C5FA104B44C5FA118B80000000E9E5065A7FC5F057C9EBED",
          "off": "000000000000000000000000000000000000000000000000000000000000"
        },
        {
          "offset": "80983EF5",
          "on": "E906F9A580909090",
          "off": "C5FA118B80000000"
        }
      ]
    },
    {
      "name": "1 Hit Kill",
      "type": "checkbox",
      "memory": [
        {
          "offset": "13E3804",
          "on": "7512",
          "off": "7505"
        }
      ]
    },
    {
      "name": "Stamina",
      "type": "checkbox",
      "memory": [
        {
          "offset": "13E381E",
          "on": "C5FA104B28C5FA114B3CE942FAA27F",
          "off": "000000000000000000000000000000"
        },
        {
          "offset": "80E1326A",
          "on": "E9AF055D80",
          "off": "C5FA114B3C"
        }
      ]
    },
    {
      "name": "Shield",
      "type": "checkbox",
      "memory": [
        {
          "offset": "13E384D",
          "on": "C5FA104B38C5FA114B7CE9E32C987F",
          "off": "000000000000000000000000000000"
        },
        {
          "offset": "80D6653A",
          "on": "E90ED36780",
          "off": "C5FA114B7C"
        }
      ]
    },
    {
      "name": "Infinite Finisher (After 1st Use)",
      "type": "checkbox",
      "memory": [
        {
          "offset": "13E382D",
          "on": "B80C00000041894670E9DFBA637F",
          "off": "0000000000000000000000000000"
        },
        {
          "offset": "80A1F314",
          "on": "E914459C8090",
          "off": "89C141894670"
        }
      ]
    },
    {
      "name": "Max Shard",
      "type": "checkbox",
      "memory": [
        {
          "offset": "13E383B",
          "on": "41BF3F420F00448978244529E7E974B9787F",
          "off": "000000000000000000000000000000000000"
        },
        {
          "offset": "80B6F1BA",
          "on": "E97C4687809090",
          "off": "448978244529E7"
        }
      ]
    }
  ],
  "credits": [
    "Saso"
  ]
}