{
  "name": "Salt and Sanctuary",
  "id": "CUSA02353",
  "version": "01.05",
  "process": "eboot.bin",
  "mods": [
    {
      "name": "Infinite Health",
      "type": "checkbox",
      "memory": [
        {
          "offset": "2BC5B4",
          "on": "90909090",
          "off": "F20F58C1"
        },
        {
          "offset": "2D4FB00",
          "on": "F30F5AC983B8CC000000007505E924C956FDF20F5CC1E91BC956FD",
          "off": "000000000000000000000000000000000000000000000000000000"
        },
        {
          "offset": "2BC42E",
          "on": "E9CD36A902909090",
          "off": "F30F5AC9F20F5CC1"
        }
      ]
    },
    {
      "name": "Infinite Stamina / Focus",
      "type": "checkbox",
      "memory": [
        {
          "offset": "2BBC80",
          "on": "90909090",
          "off": "F20F5CC1"
        },
        {
          "offset": "2BBE63",
          "on": "90909090",
          "off": "F20F58C1"
        }
      ]
    },
    {
      "name": "Infinite Throwables / Consumables (On Use)",
      "type": "checkbox",
      "memory": [
        {
          "offset": "2D4F900",
          "on": "4983FF007505B90A0000008948284D85E4E939D990FD",
          "off": "00000000000000000000000000000000000000000000"
        },
        {
          "offset": "65D249",
          "on": "E9B2266F0290",
          "off": "8948284D85E4"
        }
      ]
    },
    {
      "name": "Max Salt (On Spend)",
      "type": "checkbox",
      "memory": [
        {
          "offset": "2D4FC00",
          "on": "4963873C010000B80F270000E984058CFD",
          "off": "0000000000000000000000000000000000"
        },
        {
          "offset": "61018B",
          "on": "E970FA73029090909090",
          "off": "4963873C010000412BC4"
        },
        {
          "offset": "57A450",
          "on": "9090",
          "off": "2BC1"
        }
      ]
    },
    {
      "name": "Max Gold (On Spend)",
      "type": "checkbox",
      "memory": [
        {
          "offset": "2D4FA00",
          "on": "41C7872C0100000F270000E9AF3083FD",
          "off": "00000000000000000000000000000000"
        },
        {
          "offset": "582AB8",
          "on": "E943CF7C029090",
          "off": "4189872C010000"
        }
      ]
    },
    {
      "name": "Infinite Black Pearl (On Spend)",
      "type": "checkbox",
      "memory": [
        {
          "offset": "65C5B3",
          "on": "909090",
          "off": "412BCF"
        }
      ]
    },
    {
      "name": "Infinite Upgrade Materials (On Spend)",
      "type": "checkbox",
      "memory": [
        {
          "offset": "2D4F800",
          "on": "48634828B90A000000E9650991FD",
          "off": "0000000000000000000000000000"
        },
        {
          "offset": "66016D",
          "on": "E98EF66E0290",
          "off": "48634828FFC9"
        }
      ]
    }
  ],
  "credits": [
    "Saso"
  ]
}