{
  "name": "RESIDENT EVIL 2",
  "id": "CUSA09171",
  "version": "01.00",
  "process": "eboot.bin",
  "mods": [
    {
      "name": "Infinite Health",
      "type": "checkbox",
      "memory": [
        {
          "offset": "10662A5",
          "on": "9090",
          "off": "29F9"
        }
      ]
    },
    {
      "name": "Bottomless Clip",
      "type": "checkbox",
      "memory": [
        {
          "offset": "1FE4CD9",
          "on": "909090",
          "off": "4429F2"
        }
      ]
    },
    {
      "name": "Infinite Ammo",
      "type": "checkbox",
      "memory": [
        {
          "offset": "34EE073",
          "on": "909090",
          "off": "4529E6"
        }
      ]
    },
    {
      "name": "Max Ammo",
      "type": "checkbox",
      "memory": [
        {
          "offset": "34EE079",
          "on": "4189C690",
          "off": "440F4EF0"
        }
      ]
    },
    {
      "name": "Max Clip Ammo",
      "type": "checkbox",
      "memory": [
        {
          "offset": "1FE4CE1",
          "on": "89C290",
          "off": "0F4ED0"
        }
      ]
    },
    {
      "name": "Infinite (Stackable-)Items",
      "type": "checkbox",
      "memory": [
        {
          "offset": "3082FF4",
          "on": "909090",
          "off": "294820"
        },
        {
          "offset": "3083170",
          "on": "909090",
          "off": "295820"
        },
        {
          "offset": "3082DAA",
          "on": "909090",
          "off": "294820"
        },
        {
          "offset": "30829E8",
          "on": "909090",
          "off": "294820"
        },
        {
          "offset": "1FE4C8D",
          "on": "909090",
          "off": "4429F2"
        }
      ]
    },
    {
      "name": "Max Items on Move (Storage)",
      "type": "checkbox",
      "memory": [
        {
          "offset": "308290E",
          "on": "909090",
          "off": "0F4ED9"
        },
        {
          "offset": "3082FDA",
          "on": "89CA90",
          "off": "0F4FD1"
        }
      ]
    },
    {
      "name": "Max Items on get",
      "type": "checkbox",
      "memory": [
        {
          "offset": "34ED902",
          "on": "4189C690",
          "off": "440F4EF0"
        }
      ]
    },
    {
      "name": "Short Animationtime for Aiming",
      "type": "checkbox",
      "memory": [
        {
          "offset": "2E204FB",
          "on": "0F57C090",
          "off": "C5FA5CC1"
        }
      ]
    },
    {
      "name": "Instant Gun-Focus",
      "type": "checkbox",
      "memory": [
        {
          "offset": "32F7909",
          "on": "90909090",
          "off": "C5EB59C9"
        },
        {
          "offset": "32F790D",
          "on": "C5F828C1",
          "off": "C5F358C0"
        },
        {
          "offset": "32F50A0",
          "on": "C5FA5F0544FF4B02",
          "off": "C5FA5D0544FF4B02"
        }
      ]
    },
    {
      "name": "Max Items on Use",
      "type": "checkbox",
      "memory": [
        {
          "offset": "1FE4C92",
          "on": "89C290",
          "off": "0F4ED0"
        }
      ]
    }
  ],
  "credits": [
    "TLH"
  ]
}