{
  "name": "The Last of Us™ Remastered",
  "id": "CUSA00552",
  "version": "01.09",
  "process": "eboot.bin",
  "mods": [
    {
      "name": "L3 + Upper L or Upper R Touch Pad",
      "type": "checkbox",
      "memory": [
        {
          "offset": "01473800",
          "on": "5348BB8883400008000000488B1B4883E302750DC681812E0000005BE9EE08B9FEC681812E0000015BE9E108B9FE",
          "off": "00000000000000000000000000000000000000000000000000000000000000000000000000000000000000000000"
        },
        {
          "offset": "4108",
          "on": "E9F3F646019090",
          "off": "80B9812E000000"
        }
      ]
    }
  ],
  "credits": [
    "hejran7"
  ]
}