{
  "name": "Monster Hunter World: Iceborne",
  "id": "CUSA07708",
  "version": "11.01",
  "process": "eboot.bin",
  "mods": [
    {
      "name": "Infinite HP",
      "type": "checkbox",
      "memory": [
        {
          "offset": "425E0FB",
          "on": "9090",
          "off": "7614"
        }
      ]
    },
    {
      "name": "Inf stamina",
      "type": "checkbox",
      "memory": [
        {
          "offset": "3FA9084",
          "on": "9090909090",
          "off": "C5FA5D406C"
        }
      ]
    },
    {
      "name": "Inf Item in use",
      "type": "checkbox",
      "memory": [
        {
          "offset": "3677D04",
          "on": "909090",
          "off": "4501F7"
        }
      ]
    },
    {
      "name": "Inf Pts",
      "type": "checkbox",
      "memory": [
        {
          "offset": "2B30384",
          "on": "90909090",
          "off": "41894F78"
        }
      ]
    },
    {
      "name": "Max Money on buy",
      "type": "checkbox",
      "memory": [
        {
          "offset": "3F4D3E7",
          "on": "01C1",
          "off": "29D9"
        }
      ]
    },
    {
      "name": "matrials increaseing on crafting",
      "type": "checkbox",
      "memory": [
        {
          "offset": "3677BBE",
          "on": "44894E0C",
          "off": "44897E0C"
        }
      ]
    },
    {
      "name": "Max matrials and items on sell",
      "type": "checkbox",
      "memory": [
        {
          "offset": "3677BBE",
          "on": "44894E0C",
          "off": "44897E0C"
        }
      ]
    },
    {
      "name": "item max when move from box to pouch",
      "type": "checkbox",
      "memory": [
        {
          "offset": "3DDBB7B",
          "on": "4401D0",
          "off": "4429F0"
        }
      ]
    },
    {
      "name": "item max when move from pouch to box",
      "type": "checkbox",
      "memory": [
        {
          "offset": "3DDBB7B",
          "on": "4401F8",
          "off": "4429F0"
        }
      ]
    },
    {
      "name": "Money Incress on purchase 2",
      "type": "checkbox",
      "memory": [
        {
          "offset": "4093318",
          "on": "01D190",
          "off": "4429F1"
        }
      ]
    },
    {
      "name": "items incress when get ",
      "type": "checkbox",
      "memory": [
        {
          "offset": "3677D26",
          "on": "89460C",
          "off": "894E0C"
        }
      ]
    },
    {
      "name": "matrials change when move it in sell box",
      "type": "checkbox",
      "memory": [
        {
          "offset": "3DE387B",
          "on": "41894E0C",
          "off": "4189460C"
        }
      ]
    }
  ],
  "credits": [
    "Muhanned"
  ]
}