{
  "name": "FINAL FANTASY IX",
  "id": "CUSA08877",
  "version": "01.00",
  "process": "eboot.bin",
  "mods": [
    {
      "name": "Max Money",
      "type": "checkbox",
      "memory": [
        {
          "offset": "129B800",
          "on": "B9FFE0F50589481CE9F22D327F",
          "off": "00000000000000000000000000"
        },
        {
          "offset": "805BE5F6",
          "on": "E905D2CD8090909090",
          "off": "0F845C08000089481C"
        }
      ]
    },
    {
      "name": "Max Items \"After Buy/Use\" ",
      "type": "checkbox",
      "memory": [
        {
          "offset": "129B80D",
          "on": "B063884511E9B1DEFA7E",
          "off": "00000000000000000000"
        },
        {
          "offset": "802496BE",
          "on": "E94A2105819090909090",
          "off": "0F845301000040884511"
        },
        {
          "offset": "129B800",
          "on": "B063884311E942E1FA7E",
          "off": "00000000000000000000"
        },
        {
          "offset": "80249942",
          "on": "E9B91E05819090909090",
          "off": "0F843800000040884311"
        }
      ]
    },
    {
      "name": "Quick Level Up",
      "type": "checkbox",
      "memory": [
        {
          "offset": "129B817",
          "on": "057F9698004189456CE93471247F",
          "off": "0000000000000000000000000000"
        },
        {
          "offset": "804E294F",
          "on": "E9C38EDB809090909090",
          "off": "0F847A0100004189456C"
        }
      ]
    },
    {
      "name": "Inf. Magic Stones \"After Use\"",
      "type": "checkbox",
      "memory": [
        {
          "offset": "129B825",
          "on": "518A48FF88481759E9105C217F",
          "off": "00000000000000000000000000"
        },
        {
          "offset": "804B1438",
          "on": "E9E8A3DE809090909090",
          "off": "0F84AE07000040884817"
        },
        {
          "offset": "129B832",
          "on": "518A48FF88481759E9965C217F",
          "off": "00000000000000000000000000"
        },
        {
          "offset": "804B14CB",
          "on": "E962A3DE809090909090",
          "off": "0F84DF06000040884817"
        }
      ]
    },
    {
      "name": "Quickly Gain Abilities",
      "type": "checkbox",
      "memory": [
        {
          "offset": "129B83F",
          "on": "01D1B1FF8808E9FF78247F",
          "off": "0000000000000000000000"
        },
        {
          "offset": "804E3144",
          "on": "E9F686DB80",
          "off": "03CA408808"
        }
      ]
    },
    {
      "name": "Max Stats \"After Level Up\"",
      "type": "checkbox",
      "memory": [
        {
          "offset": "129B84A",
          "on": "66B90F2766894810E93D3FFC7E",
          "off": "00000000000000000000000000"
        },
        {
          "offset": "8025F78A",
          "on": "E9BBC003819090909090",
          "off": "0F843F05000066894810"
        },
        {
          "offset": "129B857",
          "on": "66BEE70366897212E9A33FFC7E",
          "off": "00000000000000000000000000"
        },
        {
          "offset": "8025F7FD",
          "on": "E955C003819090909090",
          "off": "0F849004000066897212"
        },
        {
          "offset": "129B864",
          "on": "B1FF884814E9D03DFC7E",
          "off": "00000000000000000000"
        },
        {
          "offset": "8025F634",
          "on": "E92BC203819090909090",
          "off": "0F844907000040884814"
        },
        {
          "offset": "129B86E",
          "on": "B1FF884815E90B3EFC7E",
          "off": "00000000000000000000"
        },
        {
          "offset": "8025F679",
          "on": "E9F0C103819090909090",
          "off": "0F84E606000040884815"
        },
        {
          "offset": "129B878",
          "on": "B1FF884816E9463EFC7E",
          "off": "00000000000000000000"
        },
        {
          "offset": "8025F6BE",
          "on": "E9B5C103819090909090",
          "off": "0F848306000040884816"
        },
        {
          "offset": "129B882",
          "on": "B1FF884817E9813EFC7E",
          "off": "00000000000000000000"
        },
        {
          "offset": "8025F703",
          "on": "E97AC103819090909090",
          "off": "0F842006000040884817"
        }
      ]
    },
    {
      "name": "Max Trace \"After 1 Battle\"",
      "type": "checkbox",
      "memory": [
        {
          "offset": "129B88C",
          "on": "48C7C0FF00000041884570E9905BF47E",
          "off": "00000000000000000000000000000000"
        },
        {
          "offset": "801E1422",
          "on": "E965A40B819090909090",
          "off": "0F84FC00000041884570"
        }
      ]
    },
    {
      "name": "Godmode",
      "type": "checkbox",
      "memory": [
        {
          "offset": "129B89C",
          "on": "48C7C10F27000066894810E9D604FA7E",
          "off": "00000000000000000000000000000000"
        },
        {
          "offset": "8023BD78",
          "on": "E91FFB05819090909090",
          "off": "0F84B000000066894810"
        }
      ]
    }
  ],
  "credits": [
    "Molly"
  ]
}