{
  "name": "FINAL FANTASY XV",
  "id": "CUSA01615",
  "version": "1.29",
  "process": "eboot.bin",
  "mods": [
    {
      "name": "Max Stats {Go TO Menu}",
      "type": "checkbox",
      "memory": [
        {
          "offset": "51D0EA0",
          "on": "B83F420F0089840F6801000089840F6C01000089840F7001000089840F74010000E96BE5E2FB",
          "off": "0000000000000000000000000000000000000000000000000000000000000000000000000000"
        },
        {
          "offset": "FFF42A",
          "on": "E9711A1D049090",
          "off": "8B840F60010000"
        }
      ]
    },
    {
      "name": "Infinte Health",
      "type": "checkbox",
      "memory": [
        {
          "offset": "51D08A0",
          "on": "85FF0F49C241C786A80100000F27000041C786A40100000F270000418B86A8010000E9225568FB",
          "off": "000000000000000000000000000000000000000000000000000000000000000000000000000000"
        },
        {
          "offset": "855DE4",
          "on": "E9B7AA9704",
          "off": "85FF0F49C2"
        }
      ]
    },
    {
      "name": "Infinte MP",
      "type": "checkbox",
      "memory": [
        {
          "offset": "51D08E0",
          "on": "B8E7030000418986F4010000418986F8010000E9285568FB",
          "off": "000000000000000000000000000000000000000000000000"
        },
        {
          "offset": "855E19",
          "on": "E9C2AA97049090",
          "off": "418B86F4010000"
        }
      ]
    },
    {
      "name": "Infinte Stamina",
      "type": "checkbox",
      "memory": [
        {
          "offset": "9CC1BB",
          "on": "C5FA108804020000",
          "off": "C5FA118804020000"
        }
      ]
    },
    {
      "name": "TEHNIK BAR Always Full",
      "type": "checkbox",
      "memory": [
        {
          "offset": "51D0EE0",
          "on": "C780B05E200000007042C5FA1088B05E2000E98CA283FB",
          "off": "0000000000000000000000000000000000000000000000"
        },
        {
          "offset": "A0B17B",
          "on": "E9605D7C04909090",
          "off": "C5FA1088B05E2000"
        }
      ]
    },
    {
      "name": "Magic No Cooldown",
      "type": "checkbox",
      "memory": [
        {
          "offset": "51D0F60",
          "on": "4989C66641C74602F041410FB706E93102B1FB",
          "off": "00000000000000000000000000000000000000"
        },
        {
          "offset": "CE119D",
          "on": "E9BEFD4E049090",
          "off": "4989C6410FB706"
        }
      ]
    },
    {
      "name": "Infinte Regalia Gas",
      "type": "checkbox",
      "memory": [
        {
          "offset": "51D1040",
          "on": "C780FC0B000000004843C5FA1080FC0B0000E9541159FB",
          "off": "0000000000000000000000000000000000000000000000"
        },
        {
          "offset": "7621A3",
          "on": "E998EEA604909090",
          "off": "C5FA1080FC0B0000"
        }
      ]
    },
    {
      "name": "Flying Chocobo ( Hold R2 And Hold O )",
      "type": "checkbox",
      "memory": [
        {
          "offset": "51D0FD0",
          "on": "41C785CC00000000009643C4C17A1085CC00000041C7452C0000F042C4C17A10452C41C745300000F042C4C17A10453041C745403353AF43C4C17A10454041C7454400000000C4C17A104544E9EA2B5EFB",
          "off": "000000000000000000000000000000000000000000000000000000000000000000000000000000000000000000000000000000000000000000000000000000000000000000000000000000000000000000"
        },
        {
          "offset": "7B3C05",
          "on": "E9C6D3A10490",
          "off": "C4C17A10452C"
        }
      ]
    },
    {
      "name": "Infinte Durability Fisihing",
      "type": "checkbox",
      "memory": [
        {
          "offset": "51D0F80",
          "on": "C4C17A1087F0000000C4C17A1187EC000000E9CF9D5FFB",
          "off": "0000000000000000000000000000000000000000000000"
        },
        {
          "offset": "7CAD5D",
          "on": "E91E62A00490909090",
          "off": "C4C17A1187EC000000"
        }
      ]
    },
    {
      "name": "Infite technique Ardyn DLC ",
      "type": "checkbox",
      "memory": [
        {
          "offset": "51D1020",
          "on": "41C744860C00007042C4C17A104C860CE95AA183FB",
          "off": "000000000000000000000000000000000000000000"
        },
        {
          "offset": "A0B188",
          "on": "E9935E7C049090",
          "off": "C4C17A104C860C"
        }
      ]
    },
    {
      "name": "AMIGER Ardyn DLC Unlimited",
      "type": "checkbox",
      "memory": [
        {
          "offset": "51D1000",
          "on": "41C7802C0E00000000C842C4C17A10802C0E0000E9F7467AFB",
          "off": "00000000000000000000000000000000000000000000000000"
        },
        {
          "offset": "975707",
          "on": "E9F4B8850490909090",
          "off": "C4C17A10802C0E0000"
        }
      ]
    },
    {
      "name": "Max Score Ardyn DLC After getting it",
      "type": "checkbox",
      "memory": [
        {
          "offset": "51D0FE0",
          "on": "C786F0BD2F00FFE0F505E9149F9AFC",
          "off": "000000000000000000000000000000"
        },
        {
          "offset": "1B7AEFD",
          "on": "E9DE60650390",
          "off": "8986F0BD2F00"
        }
      ]
    },
    {
      "name": "Enemy Instantly Dies",
      "type": "checkbox",
      "memory": [
        {
          "offset": "51D0E00",
          "on": "664181FE9080751345898EA001000045898EA0010000E9F44E68FB4531C945898EA0010000E9E54E68FB",
          "off": "000000000000000000000000000000000000000000000000000000000000000000000000000000000000"
        },
        {
          "offset": "855D08",
          "on": "E9F3B097049090",
          "off": "45898EA0010000"
        }
      ]
    },
    {
      "name": "Max EXP",
      "type": "checkbox",
      "memory": [
        {
          "offset": "51D0900",
          "on": "41B8FFE0F5054589840EC8060000E9DE87B0FC",
          "off": "00000000000000000000000000000000000000"
        },
        {
          "offset": "1CD90E9",
          "on": "E912784F03909090",
          "off": "458B840EC8060000"
        }
      ]
    },
    {
      "name": "Max AP",
      "type": "checkbox",
      "memory": [
        {
          "offset": "51D0920",
          "on": "41BE3F420F004589B74C5D2000E9212DB0FC",
          "off": "000000000000000000000000000000000000"
        },
        {
          "offset": "1CD364C",
          "on": "E9CFD24F039090",
          "off": "458BB74C5D2000"
        }
      ]
    },
    {
      "name": "Shop With QP Max",
      "type": "checkbox",
      "memory": [
        {
          "offset": "51D1080",
          "on": "C78560FFFFFF7F969800C743107F969800E92FE6A8FC",
          "off": "00000000000000000000000000000000000000000000"
        },
        {
          "offset": "1C5F6BA",
          "on": "E9C1195703909090909090",
          "off": "4489B560FFFFFF44897310"
        }
      ]
    },
    {
      "name": "Max Money",
      "type": "checkbox",
      "memory": [
        {
          "offset": "51D0940",
          "on": "BAFFE0F5058990405D2000E97828B0FC",
          "off": "00000000000000000000000000000000"
        },
        {
          "offset": "1CD31C2",
          "on": "E979D74F0390",
          "off": "8B90405D2000"
        }
      ]
    },
    {
      "name": "Infinte Gill",
      "type": "checkbox",
      "memory": [
        {
          "offset": "1DD591E",
          "on": "8B8B405D2000",
          "off": "898B405D2000"
        }
      ]
    },
    {
      "name": "Items 99",
      "type": "checkbox",
      "memory": [
        {
          "offset": "51D0960",
          "on": "41BC63000000448964C204E95A8FE7FB",
          "off": "00000000000000000000000000000000"
        },
        {
          "offset": "10498C5",
          "on": "E996701804",
          "off": "448B64C204"
        }
      ]
    },
    {
      "name": "Infinte Items",
      "type": "checkbox",
      "memory": [
        {
          "offset": "104652E",
          "on": "8B4304",
          "off": "894304"
        }
      ]
    },
    {
      "name": "Stop Playtime",
      "type": "checkbox",
      "memory": [
        {
          "offset": "C950D9",
          "on": "488BB3F85E2000",
          "off": "4889B3F85E2000"
        }
      ]
    },
    {
      "name": "Reset Playtime To 0",
      "type": "checkbox",
      "memory": [
        {
          "offset": "51D0F00",
          "on": "BB000000008998F85E2000E9A734BCFE",
          "off": "00000000000000000000000000000000"
        },
        {
          "offset": "3D943B1",
          "on": "E94ACB430190",
          "off": "8B98F85E2000"
        }
      ]
    }
  ],
  "credits": [
    "Broken Angel"
  ]
}