{
  "name": "COD: Ghosts (MP)",
  "id": "CUSA00018",
  "version": "01.21",
  "process": "default_mp.elf",
  "mods": [
    {
      "name": "All Client Infinite Ammo",
      "type": "checkbox",
      "memory": [
        {
          "offset": "126396",
          "on": "9090909090",
          "off": "44297C8108"
        }
      ]
    },
    {
      "name": "All Client Godmode",
      "type": "checkbox",
      "memory": [
        {
          "offset": "2d6705",
          "on": "9090909090909090",
          "off": "41299C24DC010000"
        }
      ]
    },
    {
      "name": "Super Jump",
      "type": "checkbox",
      "memory": [
        {
          "offset": "829088",
          "on": "00C07944",
          "off": "00001C42"
        }
      ]
    }
  ],
  "credits": [
    "DeathRGH"
  ]
}