{
  "name": "RESIDENT EVIL 7 biohazard",
  "id": "CUSA03842",
  "version": "01.06",
  "process": "eboot.bin",
  "mods": [
    {
      "name": "Infinite Health",
      "type": "checkbox",
      "memory": [
        {
          "offset": "AE4F866",
          "on": "C5FA104020C5FA114024E9776D3AF8",
          "off": "000000000000000000000000000000"
        },
        {
          "offset": "31F65E7",
          "on": "E97A92C507",
          "off": "C5FA104024"
        }
      ]
    },
    {
      "name": "Infinite Items",
      "type": "checkbox",
      "memory": [
        {
          "offset": "B9D76E",
          "on": "89C0",
          "off": "29D8"
        }
      ]
    },
    {
      "name": "Dupe Items on Use",
      "type": "checkbox",
      "memory": [
        {
          "offset": "B9D770",
          "on": "018688000000",
          "off": "898688000000"
        }
      ]
    },
    {
      "name": "No Reload",
      "type": "checkbox",
      "memory": [
        {
          "offset": "F47046",
          "on": "4589FF",
          "off": "41FFCF"
        }
      ]
    },
    {
      "name": "One Hit Kill",
      "type": "checkbox",
      "memory": [
        {
          "offset": "AE4F820",
          "on": "C741240AD7233CC5FA104124E9989FD7F5",
          "off": "0000000000000000000000000000000000"
        },
        {
          "offset": "BC97C4",
          "on": "E95760280A",
          "off": "C5FA104124"
        }
      ]
    },
    {
      "name": "One Hit Down Boss",
      "type": "checkbox",
      "memory": [
        {
          "offset": "AE4F831",
          "on": "41C745480AD7233CC4C17A105D48E9CC4EE7F6",
          "off": "00000000000000000000000000000000000000"
        },
        {
          "offset": "1CC470A",
          "on": "E922B1180990",
          "off": "C4C17A115D48"
        }
      ]
    },
    {
      "name": "Max Scrap on Spend (Nightmare)",
      "type": "checkbox",
      "memory": [
        {
          "offset": "AE4F844",
          "on": "41BC9F8601004489636C31D2E96C6E11F7",
          "off": "0000000000000000000000000000000000"
        },
        {
          "offset": "1F666BB",
          "on": "E98491EE0890",
          "off": "4489636C31D2"
        }
      ]
    },
    {
      "name": "Max Total Score After All Waves (Nightmare)",
      "type": "checkbox",
      "memory": [
        {
          "offset": "AE4F855",
          "on": "BA80969800895324807B2200E9FE78E8F6",
          "off": "0000000000000000000000000000000000"
        },
        {
          "offset": "1CD715D",
          "on": "E9F38617099090",
          "off": "895324807B2200"
        }
      ]
    },
    {
      "name": "Compactor Always Drops Max Scraps (Nightmare)",
      "type": "checkbox",
      "memory": [
        {
          "offset": "AE4F875",
          "on": "B8D0070000418986C8000000E9099D9DF7",
          "off": "0000000000000000000000000000000000"
        },
        {
          "offset": "2829588",
          "on": "E9E86262089090",
          "off": "418B86C8000000"
        }
      ]
    },
    {
      "name": "Freeze Timer (Bedroom)",
      "type": "checkbox",
      "memory": [
        {
          "offset": "10696CB",
          "on": "9090909090",
          "off": "C5FA114024"
        }
      ]
    },
    {
      "name": "Infinite Throwables (Not a Hero) ",
      "type": "checkbox",
      "memory": [
        {
          "offset": "36A5A77",
          "on": "909090",
          "off": "41FFCE"
        }
      ]
    },
    {
      "name": "Infinite Oxygen (Not a Hero)",
      "type": "checkbox",
      "memory": [
        {
          "offset": "AE4F886",
          "on": "C740200000C842C5FA104020E97E32B0F6",
          "off": "0000000000000000000000000000000000"
        },
        {
          "offset": "1952B10",
          "on": "E971CD4F09",
          "off": "C5FA104020"
        }
      ]
    }
  ],
  "credits": [
    "Rizla"
  ]
}