{
  "name": "The Last of Us™ Remastered",
  "id": "CUSA00556",
  "version": "01.09",
  "process": "eboot.bin",
  "mods": [
    {
      "name": "Debug Menu (Enable)",
      "type": "checkbox",
      "memory": [
        {
          "offset": "4108",
          "on": "C681812E000001",
          "off": "80B9812E000000"
        },
        {
          "offset": "410F",
          "on": "EB0490909090",
          "off": "0F848E120000"
        }
      ]
    },
    {
      "name": "Debug Menu (Enable, No Overlay)",
      "type": "checkbox",
      "memory": [
        {
          "offset": "4108",
          "on": "C681812E000001",
          "off": "80B9812E000000"
        },
        {
          "offset": "410F",
          "on": "E98F12000090",
          "off": "0F848E120000"
        }
      ]
    },
    {
      "name": "Debug Menu (Disable)",
      "type": "checkbox",
      "memory": [
        {
          "offset": "4108",
          "on": "C681812E000000",
          "off": "80B9812E000000"
        }
      ]
    }
  ],
  "credits": [
    "TLH"
  ]
}