{
  "name": "The Surge",
  "id": "CUSA04849",
  "version": "01.13",
  "process": "eboot.bin",
  "mods": [
    {
      "name": "Infinite Health",
      "hint": null,
      "type": "checkbox",
      "memory": [
        {
          "offset": "1E9F867",
          "on": "C783AC0000000000803FC5FA1083AC000000E9BBFC66FE",
          "off": "0000000000000000000000000000000000000000000000"
        },
        {
          "offset": "50F531",
          "on": "E931039901909090",
          "off": "C5F82E83AC000000"
        }
      ]
    },
    {
      "name": "Infinite Stamina",
      "hint": null,
      "type": "checkbox",
      "memory": [
        {
          "offset": "1E9F8E9",
          "on": "C787B40000000000803FC5FA1087B4000000E938CA66FE",
          "off": "0000000000000000000000000000000000000000000000"
        },
        {
          "offset": "50C330",
          "on": "E9B4359901909090",
          "off": "C5FA1087B4000000"
        }
      ]
    },
    {
      "name": "Infinite Energy",
      "hint": null,
      "type": "checkbox",
      "memory": [
        {
          "offset": "1E9F87E",
          "on": "C787B00000000000803FC5FA1087B0000000E9F3D666FE",
          "off": "0000000000000000000000000000000000000000000000"
        },
        {
          "offset": "50CF80",
          "on": "E9F9289901909090",
          "off": "C5FA1087B0000000"
        }
      ]
    },
    {
      "name": "Inf Scrap on Gain/Use",
      "hint": null,
      "type": "checkbox",
      "memory": [
        {
          "offset": "1E9F850",
          "on": "C783F4000000286B6E4EC5FA1083F4000000E95ADB66FE",
          "off": "0000000000000000000000000000000000000000000000"
        },
        {
          "offset": "50D3B9",
          "on": "E992249901909090",
          "off": "C5FA1183F4000000"
        }
      ]
    },
    {
      "name": "Max Vital Injections",
      "hint": null,
      "type": "checkbox",
      "memory": [
        {
          "offset": "1E9F82C",
          "on": "B86300000089474CC390E98ABCE5FE",
          "off": "000000000000000000000000000000"
        },
        {
          "offset": "CFB4C0",
          "on": "E967431A01",
          "off": "8B474CC390"
        }
      ]
    },
    {
      "name": "Max Consumables on Gain/Use",
      "hint": null,
      "type": "checkbox",
      "memory": [
        {
          "offset": "1E9F895",
          "on": "B86300000089474CC390E91B8491FE",
          "off": "000000000000000000000000000000"
        },
        {
          "offset": "7B7CBA",
          "on": "E9D67B6E01",
          "off": "89474CC390"
        }
      ]
    },
    {
      "name": "Max Items on Gain/Use",
      "hint": null,
      "type": "checkbox",
      "memory": [
        {
          "offset": "1E9F8BF",
          "on": "BE6300000089774CC390E9777B91FE",
          "off": "000000000000000000000000000000"
        },
        {
          "offset": "7B7440",
          "on": "E97A846E01",
          "off": "89774CC390"
        }
      ]
    },
    {
      "name": "Max Proficiency LVL on Gain",
      "hint": null,
      "type": "checkbox",
      "memory": [
        {
          "offset": "1E9F8CE",
          "on": "41C7849C5C010000E6FFC742C4C17A10849C5C010000E9565167FE",
          "off": "000000000000000000000000000000000000000000000000000000"
        },
        {
          "offset": "514A35",
          "on": "E994AE98019090909090",
          "off": "C4C17A11849C5C010000"
        }
      ]
    }
  ],
  "credits": [
    "Rizla"
  ]
}