{
  "name": "Saints Row Gat Outa Hell",
  "id": "CUSA00939",
  "version": "01.00",
  "process": "eboot.bin",
  "mods": [
    {
      "name": "HEALTH",
      "hint": null,
      "type": "checkbox",
      "memory": [
        {
          "offset": "1B7FC1D",
          "on": "51B90060EA46898B6C25000059C5FA108B6C250000E95F8FC9FE",
          "off": "0000000000000000000000000000000000000000000000000000"
        },
        {
          "offset": "818B8E",
          "on": "E98A703601909090",
          "off": "C5FA108B6C250000"
        }
      ]
    },
    {
      "name": "CASH",
      "hint": null,
      "type": "checkbox",
      "memory": [
        {
          "offset": "1B7FC5B",
          "on": "51B98096980041898E5425000059418B8654250000E9EFEAD3FE",
          "off": "0000000000000000000000000000000000000000000000000000"
        },
        {
          "offset": "8BE75D",
          "on": "E9F9142C019090",
          "off": "418B8654250000"
        }
      ]
    },
    {
      "name": "ORBS",
      "hint": null,
      "type": "checkbox",
      "memory": [
        {
          "offset": "1B7FC3B",
          "on": "51B91027000089885C39000059C5FB2A805C390000E9A1B6D9FE",
          "off": "0000000000000000000000000000000000000000000000000000"
        },
        {
          "offset": "91B2EE",
          "on": "E948492601909090",
          "off": "C5FB2A805C390000"
        }
      ]
    },
    {
      "name": "XP LEVEL",
      "hint": null,
      "type": "checkbox",
      "memory": [
        {
          "offset": "1B7FC01",
          "on": "C5FA100D89A6DC0051B920A10700898F242D000059E95C07D4FE",
          "off": "0000000000000000000000000000000000000000000000000000"
        },
        {
          "offset": "8C036F",
          "on": "E98DF82B01909090",
          "off": "C5FA100D89A6DC00"
        }
      ]
    }
  ],
  "credits": [
    "GoldZ"
  ]
}