{
  "name": "Guns, Gore and Cannoli",
  "id": "CUSA03051",
  "version": "01.00",
  "process": "eboot.bin",
  "mods": [
    {
      "name": "Infinite Health",
      "type": "checkbox",
      "memory": [
        {
          "offset": "1E59200",
          "on": "81FF00788602751041C786180300000000C842E962F5B3FEF3450F11BE18030000E954F5B3FE",
          "off": "0000000000000000000000000000000000000000000000000000000000000000000000000000"
        },
        {
          "offset": "998771",
          "on": "E98A0A4C0190909090",
          "off": "F3450F11BE18030000"
        }
      ]
    },
    {
      "name": "Infinite Ammo/Items",
      "type": "checkbox",
      "memory": [
        {
          "offset": "9DC3F2",
          "on": "9090",
          "off": "FFC8"
        }
      ]
    },
    {
      "name": "No Reload",
      "type": "checkbox",
      "memory": [
        {
          "offset": "9DCB77",
          "on": "41894F20",
          "off": "41894720"
        }
      ]
    }
  ],
  "credits": [
    "Saso"
  ]
}