{
  "name": "God of War",
  "id": "CUSA07411",
  "version": "01.00",
  "process": "eboot.bin",
  "mods": [
    {
      "name": "Godmode",
      "hint": null,
      "type": "checkbox",
      "memory": [
        {
          "offset": "1059400",
          "on": "41817D000874B4460F8505000000E9E8E088FFC4C17A115D20E9DDE088FF",
          "off": "41817D000874B4460F8505000000E9E8E088FFC4C17A115D20E9DDE088FF"
        },
        {
          "offset": "8E74F5",
          "on": "E9061F770090",
          "off": "C4C17A115D20"
        }
      ]
    },
    {
      "name": "Infinite Rage",
      "hint": null,
      "type": "checkbox",
      "memory": [
        {
          "offset": "105941E",
          "on": "C5FA5DDCC5F82ED941817D006874B4460F8505000000E9C2E088FFC4C17A115D20E9B7E088FF",
          "off": "C5FA5DDCC5F82ED941817D006874B4460F8505000000E9C2E088FFC4C17A115D20E9B7E088FF"
        },
        {
          "offset": "8E74ED",
          "on": "E92C1F7700909090",
          "off": "C5FA5DDCC5F82ED9"
        }
      ]
    },
    {
      "name": "Refill Health",
      "hint": null,
      "type": "button",
      "memory": [
        {
          "offset": "1146B473C8",
          "on": "0000FA43",
          "off": "0000FA43"
        }
      ]
    },
    {
      "name": "Refill Rage",
      "hint": null,
      "type": "button",
      "memory": [
        {
          "offset": "1146B47428",
          "on": "0000FA43",
          "off": "0000FA43"
        }
      ]
    },
    {
      "name": "9999999 Experience",
      "hint": null,
      "type": "button",
      "memory": [
        {
          "offset": "10831BD8E0",
          "on": "7F9698000F",
          "off": "7F9698000F"
        }
      ]
    },
    {
      "name": "9999999 Money",
      "hint": null,
      "type": "button",
      "memory": [
        {
          "offset": "10831BDAA0",
          "on": "7F9698000F",
          "off": "7F9698000F"
        }
      ]
    }
  ],
  "credits": [
    "Talixme"
  ]
}