{
  "name": "LEGO® CITY UNDERCOVER",
  "id": "CUSA06511",
  "version": "01.02",
  "process": "eboot.bin",
  "mods": [
    {
      "name": "Inf Studs  (Get some studs then you will have enough)",
      "type": "checkbox",
      "memory": [
        {
          "offset": "584621",
          "on": "488D1CD2",
          "off": "488D1C92"
        }
      ]
    },
    {
      "name": "Inf Building Studs",
      "type": "checkbox",
      "memory": [
        {
          "offset": "14DB800",
          "on": "BE7F96980089B7FC300000E9515CB6FE",
          "off": "00000000000000000000000000000000"
        },
        {
          "offset": "4145B",
          "on": "E9A0A3490190",
          "off": "89B7FC300000"
        }
      ]
    }
  ],
  "credits": [
    "Weysincha"
  ]
}