{
  "name": "Devil May Cry 5",
  "id": "CUSA08161",
  "version": "01.08",
  "process": "eboot.bin",
  "mods": [
    {
      "name": "Master Code Speed",
      "type": "checkbox",
      "memory": [
        {
          "offset": "858B38F",
          "on": "41C786281100000000803FC4C17A108628110000E9B683E7FA",
          "off": "00000000000000000000000000000000000000000000000000"
        },
        {
          "offset": "3403755",
          "on": "E9357C180590909090",
          "off": "C4C17A108628110000"
        }
      ]
    },
    {
      "name": "Lots of Red Orbs",
      "type": "checkbox",
      "memory": [
        {
          "offset": "858B3D0",
          "on": "480F44C1B97F9698008908E97AC811FB",
          "off": "00000000000000000000000000000000"
        },
        {
          "offset": "36A7C54",
          "on": "E97737EE0490",
          "off": "480F44C18B08"
        }
      ]
    },
    {
      "name": "Gold Orbs, Blue Fragments, Purple Fragments A lot",
      "type": "checkbox",
      "memory": [
        {
          "offset": "858B420",
          "on": "B96300000041898F9800000041898F8800000041894F78E9DCC911FB",
          "off": "00000000000000000000000000000000000000000000000000000000"
        },
        {
          "offset": "36A7E11",
          "on": "E90A36EE049090",
          "off": "418B8F98000000"
        }
      ]
    },
    {
      "name": "Time In Bloody Palace is Unlimited",
      "type": "checkbox",
      "memory": [
        {
          "offset": "858B630",
          "on": "C5FA104010C7401000C07944C7401400C07944C7401C00C07944E905ABB9F8",
          "off": "00000000000000000000000000000000000000000000000000000000000000"
        },
        {
          "offset": "112614F",
          "on": "E9DC544607",
          "off": "C5FA104010"
        }
      ]
    },
    {
      "name": "( NERO ) All 99 Devil Breakers Equipment ( Activate in Shop only )",
      "type": "checkbox",
      "memory": [
        {
          "offset": "858B480",
          "on": "8B501CBB6300000089592089592489592889592C89593089593489593889593C89594089594489594889594C89595089595489595889595CE925D142F8",
          "off": "00000000000000000000000000000000000000000000000000000000000000000000000000000000000000000000000000000000000000000000000000"
        },
        {
          "offset": "9B85DC",
          "on": "E99F2EBD0790",
          "off": "8B501C8B5920"
        }
      ]
    },
    {
      "name": "( NERO ) Unlimited Devil Breakers",
      "type": "checkbox",
      "memory": [
        {
          "offset": "858B4A0",
          "on": "BE070000004189B5CC170000E9B9BC49F8",
          "off": "0000000000000000000000000000000000"
        },
        {
          "offset": "A27163",
          "on": "E93843B6079090",
          "off": "418BB5CC170000"
        }
      ]
    },
    {
      "name": "( NERO ) Infinite Devil Trigger",
      "type": "checkbox",
      "memory": [
        {
          "offset": "858B650",
          "on": "480F44D1C5FA1002C70200401C46E949A603F8",
          "off": "00000000000000000000000000000000000000"
        },
        {
          "offset": "5C5CA4",
          "on": "E9A759FC07909090",
          "off": "480F44D1C5FA1002"
        }
      ]
    },
    {
      "name": "( NERO ) Exceed Once Filled Direct Full [ Version 1 ]",
      "type": "checkbox",
      "memory": [
        {
          "offset": "858B550",
          "on": "41C7472000007A44E9A85EA3FA",
          "off": "00000000000000000000000000"
        },
        {
          "offset": "2FC13FF",
          "on": "E94CA15C0590",
          "off": "C4C17A114720"
        }
      ]
    },
    {
      "name": "( NERO ) Exceed Maksimum [ ver 2]",
      "type": "checkbox",
      "memory": [
        {
          "offset": "858B530",
          "on": "0F84E21C49F8BB03000000895818E9A41B49F8",
          "off": "00000000000000000000000000000000000000"
        },
        {
          "offset": "A1D0DE",
          "on": "E94DE4B60790909090",
          "off": "0F843A0100008B5818"
        }
      ]
    },
    {
      "name": "( NERO ) Unlimited Bullets",
      "type": "checkbox",
      "memory": [
        {
          "offset": "0858B37C",
          "on": "418B8F2403000041898F20030000E9599403F8",
          "off": "00000000000000000000000000000000000000"
        },
        {
          "offset": "5C47E1",
          "on": "E9966BFC079090",
          "off": "418B8F20030000"
        }
      ]
    },
    {
      "name": "( V ) Infinite Devil Trigger",
      "type": "checkbox",
      "memory": [
        {
          "offset": "858B4C0",
          "on": "C5FA108314110000C5FA118310110000E9C277EAFA",
          "off": "000000000000000000000000000000000000000000"
        },
        {
          "offset": "3432C8F",
          "on": "E92C881505909090",
          "off": "C5FA118310110000"
        }
      ]
    },
    {
      "name": "( V ) Unlimited Power Up Summon Duration",
      "type": "checkbox",
      "memory": [
        {
          "offset": "858B4E0",
          "on": "C5FA10886C010000C7806C0100000080BB44C780700100000080BB44E9C007E3F8",
          "off": "000000000000000000000000000000000000000000000000000000000000000000"
        },
        {
          "offset": "13BBCB9",
          "on": "E922F81C07909090",
          "off": "C5FA10886C010000"
        }
      ]
    },
    {
      "name": "( DANTE ) Unlimited Sin Devil Gauge Duration",
      "type": "checkbox",
      "memory": [
        {
          "offset": "858B5F0",
          "on": "C5F82E8E141A0000C786141A000000401C46E9E21E39FB",
          "off": "0000000000000000000000000000000000000000000000"
        },
        {
          "offset": "391D4E1",
          "on": "E90AE1C604909090",
          "off": "C5F82E8E141A0000"
        }
      ]
    },
    {
      "name": "( DANTE ) Infinite Devil Trigger",
      "type": "checkbox",
      "memory": [
        {
          "offset": "858B570",
          "on": "480F44D1C5FA1002C70200504347E95D8BBCF8",
          "off": "00000000000000000000000000000000000000"
        },
        {
          "offset": "11540D8",
          "on": "E993744307909090",
          "off": "480F44D1C5FA1002"
        }
      ]
    },
    {
      "name": "( DANTE ) Unlimited Royal Guard",
      "type": "checkbox",
      "memory": [
        {
          "offset": "858B5B0",
          "on": "C5FA104828C7402800504347E9D73CBCF8",
          "off": "0000000000000000000000000000000000"
        },
        {
          "offset": "114F293",
          "on": "E918C34307",
          "off": "C5FA104828"
        }
      ]
    },
    {
      "name": "( DANTE ) Dr. Fraust No Fee",
      "type": "checkbox",
      "memory": [
        {
          "offset": "858B610",
          "on": "41C74424607F969800E94BD711FB",
          "off": "0000000000000000000000000000"
        },
        {
          "offset": "36A8D64",
          "on": "E9A728EE04",
          "off": "4189442460"
        }
      ]
    },
    {
      "name": "SSS Rating During Battle",
      "type": "checkbox",
      "memory": [
        {
          "offset": "858B510",
          "on": "486386B0000000C786B000000007000000C786B400000020BCBE4CE9FEB0F0FA",
          "off": "0000000000000000000000000000000000000000000000000000000000000000"
        },
        {
          "offset": "3496627",
          "on": "E9E44E0F059090",
          "off": "486386B0000000"
        }
      ]
    },
    {
      "name": "Infinite Health",
      "type": "checkbox",
      "memory": [
        {
          "offset": "0858B360",
          "on": "C5FA104014C5FA114010E961BBE7FA",
          "off": "000000000000000000000000000000"
        },
        {
          "offset": "03406ECB",
          "on": "E990441805",
          "off": "C5FA104010"
        }
      ]
    },
    {
      "name": "Players Dont Shake ",
      "type": "checkbox",
      "memory": [
        {
          "offset": "034011C0",
          "on": "C3",
          "off": "55"
        }
      ]
    },
    {
      "name": "Easy Enemy to Defeat",
      "type": "checkbox",
      "memory": [
        {
          "offset": "0858B36F",
          "on": "41C7471000000000E903EBE3FA",
          "off": "00000000000000000000000000"
        },
        {
          "offset": "033C9E79",
          "on": "E9F1141C0590",
          "off": "C4C17A104F10"
        }
      ]
    },
    {
      "name": "Jump Higher [ Version 1 ]",
      "type": "checkbox",
      "memory": [
        {
          "offset": "858BEF0",
          "on": "C4C1725C6F2441C7472400008CC241C7473400008CC2E91DBE9BFA",
          "off": "000000000000000000000000000000000000000000000000000000"
        },
        {
          "offset": "2F47D22",
          "on": "E9C941640590",
          "off": "C4C1725C6F24"
        }
      ]
    },
    {
      "name": "Jump Higher [ Version2 ] [Press X twice]",
      "type": "checkbox",
      "memory": [
        {
          "offset": "02F48821",
          "on": "41894F24",
          "off": "41894724"
        }
      ]
    },
    {
      "name": "Speed [x2.0]",
      "type": "checkbox",
      "memory": [
        {
          "offset": "858B3A8",
          "on": "41C7862811000000000040EBE5",
          "off": "00000000000000000000000000"
        },
        {
          "offset": "858B38F",
          "on": "EB17909090909090",
          "off": "41C786281100000000803F"
        }
      ]
    },
    {
      "name": "Speed [x3.0]",
      "type": "checkbox",
      "memory": [
        {
          "offset": "858B3A8",
          "on": "41C7862811000000004040EBE5",
          "off": "00000000000000000000000000"
        },
        {
          "offset": "858B38F",
          "on": "EB17909090909090",
          "off": "41C786281100000000803F"
        }
      ]
    }
  ],
  "credits": [
    "Gatot Kaca_KevinTamvan"
  ]
}