{
  "name": "Strange Brigade",
  "id": "CUSA07905",
  "version": "01.08",
  "process": "eboot.bin",
  "mods": [
    {
      "name": "Infinite Health / 1 Hit Kill",
      "type": "checkbox",
      "memory": [
        {
          "section": "1",
          "offset": "BE7800",
          "on": "49837E04007511C4C17A10464CC4C17A114648E91A145FFF41C7464800000000E901145FFF",
          "off": "00000000000000000000000000000000000000000000000000000000000000000000000000"
        },
        {
          "section": "1",
          "offset": "1D8C16",
          "on": "E9E5EBA00090",
          "off": "C4C17A114648"
        }
      ]
    },
    {
      "name": "Infinite Ammo (No Reload)",
      "type": "checkbox",
      "memory": [
        {
          "offset": "BE6DA0",
          "on": "C78310040000D2040000E90CEED7FF",
          "off": "000000000000000000000000000000"
        },
        {
          "offset": "965BB5",
          "on": "E9E611280090",
          "off": "898310040000"
        }
      ]
    },
    {
      "name": "4,700,000 Gold on Gain",
      "type": "checkbox",
      "memory": [
        {
          "offset": "BE7A00",
          "on": "41C78424B801000060B74700E93F67C5FF",
          "off": "0000000000000000000000000000000000"
        },
        {
          "offset": "83E148",
          "on": "E9B3983A00909090",
          "off": "41018C24B8010000"
        }
      ]
    },
    {
      "name": "No cooldown on equipment",
      "type": "checkbox",
      "memory": [
        {
          "section": "1",
          "offset": "BE7D00",
          "on": "41C78424A800000000000000E927CFD6FF",
          "off": "0000000000000000000000000000000000"
        },
        {
          "section": "1",
          "offset": "954C2E",
          "on": "E9CD3029009090909090",
          "off": "C4C17A118424A8000000"
        }
      ]
    },
    {
      "name": "Infinite Ability",
      "type": "checkbox",
      "memory": [
        {
          "section": "1",
          "offset": "BE7DE0",
          "on": "41C786640100000000803FE916C6CAFF",
          "off": "6641C786640100000000E917C6CAFF00"
        },
        {
          "section": "1",
          "offset": "894401",
          "on": "E9DA393500",
          "off": "E9DA393500"
        }
      ]
    }
  ],
  "credits": [
    "TylerMods | Saso"
  ]
}