{
  "name": "Shadow of the Colossus",
  "id": "CUSA08809",
  "version": "01.00",
  "process": "eboot.bin",
  "mods": [
    {
      "name": "Godmode",
      "hint": null,
      "type": "checkbox",
      "memory": [
        {
          "offset": "3665C78",
          "on": "0000C842",
          "off": "0000C842"
        }
      ]
    },
    {
      "name": "Infinite Resistance",
      "hint": null,
      "type": "checkbox",
      "memory": [
        {
          "offset": "3665C90",
          "on": "0000C842",
          "off": "0000C842"
        }
      ]
    }
  ],
  "credits": [
    "Talixme"
  ]
}