{
  "name": "Thief",
  "id": "CUSA00250",
  "version": "01.02",
  "process": "eboot.bin",
  "mods": [
    {
      "name": "Infinite Health",
      "type": "checkbox",
      "memory": [
        {
          "offset": "23BF817",
          "on": "C783E80000000000C842E9D3D260FE",
          "off": "000000000000000000000000000000"
        },
        {
          "offset": "9CCAF1",
          "on": "E9212D9F01909090",
          "off": "C5FA1183E8000000"
        }
      ]
    },
    {
      "name": "Stealth Mode ( Dont touch Enemy )",
      "type": "checkbox",
      "memory": [
        {
          "offset": "C65695",
          "on": "0F57C99090",
          "off": "C5FA114F64"
        }
      ]
    },
    {
      "name": "Infinite Focus",
      "type": "checkbox",
      "memory": [
        {
          "offset": "23BF826",
          "on": "41C7879000000000007A44E97AD047FE",
          "off": "00000000000000000000000000000000"
        },
        {
          "offset": "83C8A7",
          "on": "E97A2FB80190909090",
          "off": "C4C17A118790000000"
        }
      ]
    },
    {
      "name": "Max Money ( on gain )",
      "type": "checkbox",
      "memory": [
        {
          "offset": "23BF800",
          "on": "39D8BB00E1F505E9092F91FE",
          "off": "000000000000000000000000"
        },
        {
          "offset": "CD2710",
          "on": "E9EBD06E01",
          "off": "39D80F4ED8"
        }
      ]
    },
    {
      "name": "Infinite Items ( on gain )",
      "type": "checkbox",
      "memory": [
        {
          "offset": "23BF80C",
          "on": "41BF63000000E9532B91FE",
          "off": "0000000000000000000000"
        },
        {
          "offset": "CD2364",
          "on": "E9A3D46E0190",
          "off": "4189D74529E7"
        }
      ]
    },
    {
      "name": "One Hit Kill",
      "type": "checkbox",
      "memory": [
        {
          "offset": "8124F2",
          "on": "C4C17A114568",
          "off": "C4C17A114D68"
        }
      ]
    }
  ],
  "credits": [
    "Wander ",
    " Reddevil82 ",
    " FW 9.00"
  ]
}