{
  "name": "Wolfenstein® II: The New Colossus™",
  "id": "CUSA07384",
  "version": "01.07",
  "process": "eboot.bin",
  "mods": [
    {
      "name": "Infinite Health",
      "type": "checkbox",
      "memory": [
        {
          "offset": "2FFB800",
          "on": "C5FA1143108B431C89431089431831C0E91A72E8FD",
          "off": "000000000000000000000000000000000000000000"
        },
        {
          "offset": "E82A2A",
          "on": "E9D18D1702",
          "off": "C5FA114310"
        }
      ]
    },
    {
      "name": "Infinite Shield",
      "type": "checkbox",
      "memory": [
        {
          "offset": "2FFB815",
          "on": "C4C17A1144DE10418B44DE1C418944DE10E90873E8FD",
          "off": "00000000000000000000000000000000000000000000"
        },
        {
          "offset": "E82B2C",
          "on": "E9E48C17029090",
          "off": "C4C17A1144DE10"
        },
        {
          "offset": "2FFB82B",
          "on": "50C5FA114B288B433489432858E9AD71E8FD",
          "off": "000000000000000000000000000000000000"
        },
        {
          "offset": "E829E5",
          "on": "E9418E1702",
          "off": "C5FA114B28"
        }
      ]
    },
    {
      "name": "Infinite Bullets",
      "type": "checkbox",
      "memory": [
        {
          "offset": "2FFB83D",
          "on": "8B43703DFEFFFF01742C8B83E000000083F8FF75178B83C400000083F80075068B83A40000008983C000000039D60F4ED6E95A4419FE39D60F4ED631C085F6E9474419FE90",
          "off": "000000000000000000000000000000000000000000000000000000000000000000000000000000000000000000000000000000000000000000000000000000000000000000"
        },
        {
          "offset": "118FCBF",
          "on": "E979BBE601",
          "off": "39D60F4ED6"
        }
      ]
    },
    {
      "name": "Infinite Laser + Granades + Hatchets (100)",
      "type": "checkbox",
      "memory": [
        {
          "offset": "2FFB7F3",
          "on": "B864000000894330E98B4419FE",
          "off": "00000000000000000000000000"
        },
        {
          "offset": "118FC85",
          "on": "E969BBE60190",
          "off": "0F49C1894330"
        }
      ]
    },
    {
      "name": "Infinite Upgrade Kits + Enigma Codes (99)",
      "type": "checkbox",
      "memory": [
        {
          "offset": "2FFB7E5",
          "on": "B8630000008944010CE9FA2F88FD",
          "off": "0000000000000000000000000000"
        },
        {
          "offset": "87E7E5",
          "on": "E9FBCF7702909090",
          "off": "48C1E0048B44010C"
        }
      ]
    },
    {
      "name": "Enemy Doesnt Shoot (except Uebersoldaten)",
      "type": "checkbox",
      "memory": [
        {
          "offset": "2FFB882",
          "on": "8B43703DFEFFFF01740B8B93A4000000E9264419FE31C0E92F4419FE",
          "off": "00000000000000000000000000000000000000000000000000000000"
        },
        {
          "offset": "118FCB7",
          "on": "E9C6BBE60190",
          "off": "8B93A4000000"
        }
      ]
    }
  ],
  "credits": [
    "Dioniso"
  ]
}