{
  "name": "Shadow Blade Reload",
  "id": "CUSA03778",
  "version": "01.02",
  "process": "eboot.bin",
  "mods": [
    {
      "name": "Freeze Timer (00:00)",
      "type": "checkbox",
      "memory": [
        {
          "offset": "124C930",
          "on": "41C7474C00000000E9B863167F",
          "off": "00000000000000000000000000"
        },
        {
          "offset": "803B2CEF",
          "on": "E93C9CE98090",
          "off": "F3450F117F4C"
        }
      ]
    },
    {
      "name": "Inf Shuriken",
      "type": "checkbox",
      "memory": [
        {
          "offset": "124C900",
          "on": "418B87D4010000418987D8010000E90A05EF7E",
          "off": "00000000000000000000000000000000000000"
        },
        {
          "offset": "8013CE16",
          "on": "E9E5FA10819090",
          "off": "418987D8010000"
        }
      ]
    }
  ],
  "credits": [
    "Saso"
  ]
}