{
  "name": "Fallout 4",
  "id": "CUSA02962",
  "version": "01.22",
  "process": "eboot.bin",
  "mods": [
    {
      "name": "1 weight",
      "type": "checkbox",
      "memory": [
        {
          "offset": "7FC5B000",
          "on": "41C747180000803FE96B04CA80",
          "off": "00000000000000000000000000"
        },
        {
          "offset": "8FB472",
          "on": "E989FB357F90",
          "off": "C4C17A114718"
        }
      ]
    },
    {
      "name": "Infinite Ammo",
      "type": "checkbox",
      "memory": [
        {
          "offset": "AB7D41",
          "on": "015F18",
          "off": "895F18"
        }
      ]
    },
    {
      "name": "Max Experiences",
      "type": "checkbox",
      "memory": [
        {
          "offset": "7FC5BDC0",
          "on": "C741047F96184BE9389EE080",
          "off": "000000000000000000000000"
        },
        {
          "offset": "A65BFF",
          "on": "E9BC611F7F",
          "off": "C5FA114104"
        }
      ]
    },
    {
      "name": "Caps / All Items Multiplier",
      "type": "checkbox",
      "memory": [
        {
          "offset": "109491",
          "on": "014A20",
          "off": "894A20"
        }
      ]
    },
    {
      "name": "All Items / Caps (do not decrease)",
      "type": "checkbox",
      "memory": [
        {
          "offset": "7FC5BFB0",
          "on": "89470CC6422063E9D8D44A80",
          "off": "000000000000000000000000"
        },
        {
          "offset": "10948E",
          "on": "E91D2BB57F90",
          "off": "89470C894A20"
        }
      ]
    }
  ],
  "credits": [
    "Wander_9.00"
  ]
}