{
  "name": "Diablo 3: Ultimate Evil Edition",
  "id": "CUSA00242",
  "version": "01.00",
  "process": "eboot.bin",
  "mods": [
    {
      "name": "Infinite Mana",
      "hint": null,
      "type": "checkbox",
      "memory": [
        {
          "offset": "922741",
          "on": "90909090",
          "off": "4489600C"
        }
      ]
    },
    {
      "name": "Item / Kill Multiplier",
      "hint": null,
      "type": "checkbox",
      "memory": [
        {
          "offset": "B9C486",
          "on": "B90F27000090909090",
          "off": "81F9FFFFFF000F43C8"
        }
      ]
    },
    {
      "name": "Freeze Item Count",
      "hint": null,
      "type": "checkbox",
      "memory": [
        {
          "offset": "9227E1",
          "on": "90909090",
          "off": "4489780C"
        }
      ]
    },
    {
      "name": "Max Money",
      "hint": "Collect money once to max it out.",
      "type": "button",
      "memory": [
        {
          "offset": "8873C9",
          "on": "4A89A4E3208D0000",
          "off": "4A89A4E3208D0000"
        }
      ]
    }
  ],
  "credits": [
    "DeathRGH"
  ]
}