{
  "name": "Assassins Creed® Syndicate",
  "id": "CUSA02376",
  "version": "01.52",
  "process": "eboot.bin",
  "mods": [
    {
      "name": "Inf HP & Easy Kill",
      "type": "checkbox",
      "memory": [
        {
          "offset": "14D1890",
          "on": "8907",
          "off": "8907"
        }
      ]
    },
    {
      "name": "Max Money",
      "type": "checkbox",
      "memory": [
        {
          "offset": "5543800",
          "on": "41C74424283F420F00E9B22157FC",
          "off": "0000000000000000000000000000"
        },
        {
          "offset": "1AB59BB",
          "on": "E940DEA803",
          "off": "4189442428"
        }
      ]
    },
    {
      "name": "Inf Resources",
      "type": "checkbox",
      "memory": [
        {
          "offset": "554380E",
          "on": "31C0C366C747280F27E9F2C657FC",
          "off": "0000000000000000000000000000"
        },
        {
          "offset": "1ABFF08",
          "on": "E90139A80390",
          "off": "31C0C3894728"
        }
      ]
    },
    {
      "name": "Inf Ammo",
      "type": "checkbox",
      "memory": [
        {
          "offset": "554381C",
          "on": "440F42F841894628E9B4C157FC",
          "off": "00000000000000000000000000"
        },
        {
          "offset": "1ABF9D5",
          "on": "E9423EA803909090",
          "off": "440F42F845897E28"
        }
      ]
    }
  ],
  "credits": [
    "Saso"
  ]
}