{
  "name": "Mortal Kombat XL",
  "id": "CUSA03679",
  "version": "01.00",
  "process": "eboot.bin",
  "mods": [
    {
      "name": "Godmode Left Player",
      "type": "checkbox",
      "memory": [
        {
          "offset": "2D57810",
          "on": "C5FA10835C0A0000C5F25DC0837B10020F85BA6943FDE9BD6943FD",
          "off": "000000000000000000000000000000000000000000000000000000"
        },
        {
          "offset": "18E1D4",
          "on": "E93796BC0290909090909090",
          "off": "C5FA10835C0A0000C5F25DC0"
        }
      ]
    },
    {
      "name": "Infinite Money",
      "type": "checkbox",
      "memory": [
        {
          "offset": "2D57800",
          "on": "8B5718BA7F969800015124E9DE9CCBFE",
          "off": "00000000000000000000000000000000"
        },
        {
          "offset": "1A114E8",
          "on": "E91363340190",
          "off": "8B5718015124"
        }
      ]
    }
  ],
  "credits": [
    "Weysincha"
  ]
}