{
  "name": "Final Fantasy XV",
  "id": "CUSA01615",
  "version": "01.00",
  "process": "eboot.bin",
  "mods": [
    {
      "name": "Godmode",
      "hint": null,
      "type": "checkbox",
      "memory": [
        {
          "offset": "ADE4EA",
          "on": "BE0F27000090",
          "off": "85FF410F49F0"
        }
      ]
    },
    {
      "name": "Infinite MP",
      "hint": null,
      "type": "checkbox",
      "memory": [
        {
          "offset": "453F000",
          "on": "C5FA5CC10F4DD0BAF3000000C3",
          "off": "00000000000000000000000000"
        },
        {
          "offset": "ADE5B0",
          "on": "E84B0AA6039090",
          "off": "C5FA5CC10F4DD0"
        }
      ]
    },
    {
      "name": "Infinite FP/AP",
      "hint": "Spend FP/AP to Get 9.999.",
      "type": "checkbox",
      "memory": [
        {
          "offset": "453F4EC",
          "on": "BEECF20301BA9F860100C3",
          "off": "0000000000000000000000"
        },
        {
          "offset": "FFB099",
          "on": "E84E445403",
          "off": "BEECF20301"
        }
      ]
    },
    {
      "name": "Infinite Money/Gil",
      "hint": "Spend Gil/Money to get 9.999.999.",
      "type": "checkbox",
      "memory": [
        {
          "offset": "453F12C",
          "on": "85C90F49DABB7F969800C3",
          "off": "0000000000000000000000"
        },
        {
          "offset": "FD13FE",
          "on": "E829DD5603",
          "off": "85C90F49DA"
        }
      ]
    },
    {
      "name": "Exp ",
      "hint": "Earn Exp to get 9.999.999.",
      "type": "checkbox",
      "memory": [
        {
          "offset": "FB4274",
          "on": "B97F96980090",
          "off": "440F4EF085C0"
        }
      ]
    }
  ],
  "credits": [
    "Weysincha"
  ]
}