{
  "name": "Minecraft",
  "id": "CUSA00265",
  "version": "01.95",
  "process": "eboot.bin",
  "mods": [
    {
      "name": "[ Walk in air ]",
      "type": "checkbox",
      "memory": [
        {
          "offset": "277C21",
          "on": "20D4",
          "off": "20D8"
        }
      ]
    },
    {
      "name": "[ Fast Mine ]",
      "type": "checkbox",
      "memory": [
        {
          "offset": "F06924",
          "on": "000080BF",
          "off": "0000803F"
        }
      ]
    },
    {
      "name": "[ High Jump ]",
      "type": "checkbox",
      "memory": [
        {
          "offset": "E97004",
          "on": "52B81E3F",
          "off": "0000003F"
        }
      ]
    },
    {
      "name": "[ Jump Forward x2 ]",
      "type": "checkbox",
      "memory": [
        {
          "offset": "E9700C",
          "on": "52B81B3F",
          "off": "CDCC4C3E"
        }
      ]
    },
    {
      "name": "[ Head Rotation 360 ]",
      "type": "checkbox",
      "memory": [
        {
          "offset": "E8845C",
          "on": "0000B4C30000B443",
          "off": "0000B4C20000B442"
        }
      ]
    },
    {
      "name": "[ Fast Attack and Place ]",
      "type": "checkbox",
      "memory": [
        {
          "offset": "F06A08",
          "on": "000080BE",
          "off": "0000803E"
        }
      ]
    },
    {
      "name": "[ Max Xp ]",
      "type": "checkbox",
      "memory": [
        {
          "offset": "54EBE3",
          "on": "8983580C0000",
          "off": "898358090000"
        }
      ]
    },
    {
      "name": "[ Unlimited Crafting ]",
      "type": "checkbox",
      "memory": [
        {
          "offset": "AC8540",
          "on": "31CF",
          "off": "31C0"
        }
      ]
    },
    {
      "name": "[ Reach Blocks 25 ]",
      "type": "checkbox",
      "memory": [
        {
          "offset": "F06AD8",
          "on": "0000C8410000C841",
          "off": "0000A0400000A040"
        }
      ]
    },
    {
      "name": "[ Reach Attack 25]",
      "type": "checkbox",
      "memory": [
        {
          "offset": "EFD838",
          "on": "00000000000039400000000000F03F0000000000003940",
          "off": "0000000000001840000000000000F03F0000000000000840"
        }
      ]
    }
  ],
  "credits": [
    "NELUxP_MoDz"
  ]
}