{
  "name": "Assassins Creed® IV Black Flag",
  "id": "CUSA00009",
  "version": "01.00",
  "process": "eboot.bin",
  "mods": [
    {
      "name": "Max Ship Health",
      "type": "checkbox",
      "memory": [
        {
          "offset": "3D63800",
          "on": "4883FE06740FC4C17A119C2464010000E96A2D6EFE6641C784246401000050C3E95A2D6EFE",
          "off": "00000000000000000000000000000000000000000000000000000000000000000000000000"
        },
        {
          "offset": "2446575",
          "on": "E986D291019090909090",
          "off": "C4C17A119C2464010000"
        }
      ]
    },
    {
      "name": "Infinite Reals/Ammo/Smoke bombs/Darts/heavy shot/Mortars",
      "type": "checkbox",
      "memory": [
        {
          "offset": "27605DB",
          "on": "90909090",
          "off": "41894710"
        }
      ]
    },
    {
      "name": "Max Infinite Reals/Ammo/Smoke bombs/Darts/heavy shot/Mortars",
      "type": "checkbox",
      "memory": [
        {
          "offset": "3D63825",
          "on": "0F82D3CD9FFE41C74710FFC99A3BE9A7CD9FFE",
          "off": "00000000000000000000000000000000000000"
        },
        {
          "offset": "27605D9",
          "on": "E94732600190",
          "off": "722941894710"
        }
      ]
    },
    {
      "name": "Infinite Breath",
      "type": "checkbox",
      "memory": [
        {
          "offset": "1FC4D7C",
          "on": "9090909090909090",
          "off": "C5FA1180E0000000"
        }
      ]
    },
    {
      "name": "Infinite Swivel Ammo",
      "type": "checkbox",
      "memory": [
        {
          "offset": "3D6370A",
          "on": "498B471066C740400500E9A5A3D3FE",
          "off": "000000000000000000000000000000"
        },
        {
          "offset": "2A9DAB6",
          "on": "E94F5C2C01909090",
          "off": "498B471044897040"
        }
      ]
    }
  ],
  "credits": [
    "Arafat+Aran"
  ]
}