{
  "name": "Transformers: Rise of the Dark Spark",
  "id": "CUSA00472",
  "version": "01.00",
  "process": "eboot.bin",
  "mods": [
    {
      "name": "Infinite Ammo",
      "hint": null,
      "type": "checkbox",
      "memory": [
        {
          "offset": "F6E610",
          "on": "909090909090C366",
          "off": "8B8794030000C366"
        }
      ]
    },
    {
      "name": "Fast Exp/Leveling",
      "hint": null,
      "type": "checkbox",
      "memory": [
        {
          "offset": "F97822",
          "on": "014B3C0143384883",
          "off": "894B3C0143384883"
        }
      ]
    }
  ],
  "credits": [
    "PS4Guru"
  ]
}