{
  "name": "Attack on Titan 2",
  "id": "CUSA08948",
  "version": "01.00",
  "process": "eboot.bin",
  "mods": [
    {
      "name": "Infinite Gas",
      "hint": null,
      "type": "checkbox",
      "memory": [
        {
          "offset": "110B800",
          "on": "C4C17A109618020000C4C17A119614020000E9AE4C35FF",
          "off": "0000000000000000000000000000000000000000000000"
        },
        {
          "offset": "4604BC",
          "on": "E93FB3CA0090909090",
          "off": "C4C17A119614020000"
        },
        {
          "offset": "110B817",
          "on": "C4C17A108E18020000C4C17A118E14020000E9C75835FF",
          "off": "0000000000000000000000000000000000000000000000"
        },
        {
          "offset": "4610EC",
          "on": "E926A7CA0090909090",
          "off": "C4C17A118E14020000"
        }
      ]
    },
    {
      "name": "Infinite Blade Bar",
      "hint": null,
      "type": "checkbox",
      "memory": [
        {
          "offset": "110B82E",
          "on": "C5FA108800020000C5FA1188FC010000E913C630FF",
          "off": "000000000000000000000000000000000000000000"
        },
        {
          "offset": "417E4E",
          "on": "E9DB39CF00909090",
          "off": "C5FA1188FC010000"
        }
      ]
    },
    {
      "name": "Infinite Money",
      "hint": null,
      "type": "checkbox",
      "memory": [
        {
          "offset": "110B843",
          "on": "B8FFC99A3BB97F969800894B18E98AAE4BFF",
          "off": "000000000000000000000000000000000000"
        },
        {
          "offset": "5C66D7",
          "on": "E96751B400909090",
          "off": "B8FFC99A3B894B18"
        },
        {
          "offset": "110B855",
          "on": "0F47CAB97F969800894B18E9C19E4BFF",
          "off": "00000000000000000000000000000000"
        },
        {
          "offset": "5C5720",
          "on": "E93061B40090",
          "off": "0F47CA894B18"
        },
        {
          "offset": "110B865",
          "on": "29CABA7F969800895018E969AC4AFF",
          "off": "000000000000000000000000000000"
        },
        {
          "offset": "5B64D8",
          "on": "E98853B500",
          "off": "29CA895018"
        },
        {
          "offset": "110B874",
          "on": "0F47CAB97F969800894B18E983504AFF",
          "off": "00000000000000000000000000000000"
        },
        {
          "offset": "5B0901",
          "on": "E96EAFB50090",
          "off": "0F47CA894B18"
        }
      ]
    },
    {
      "name": "Infinite Usage Items",
      "hint": null,
      "type": "checkbox",
      "memory": [
        {
          "offset": "110B884",
          "on": "66BB05006643899C677C060000E995094FFF",
          "off": "000000000000000000000000000000000000"
        },
        {
          "offset": "5FC222",
          "on": "E95DF6B00090909090",
          "off": "6643899C677C060000"
        }
      ]
    },
    {
      "name": "Always 99 Titan Kills",
      "hint": null,
      "type": "checkbox",
      "memory": [
        {
          "offset": "110B896",
          "on": "BB63000000899C07C8290000E914264FFF",
          "off": "0000000000000000000000000000000000"
        },
        {
          "offset": "5FDEB4",
          "on": "E9DDD9B0009090",
          "off": "899C07C8290000"
        }
      ]
    }
  ],
  "credits": [
    "Weysincha"
  ]
}