{
  "name": "A.O.T. 2",
  "id": "CUSA08948",
  "version": "01.10",
  "process": "eboot.bin",
  "mods": [
    {
      "name": "Money Increase On Purchase",
      "type": "checkbox",
      "memory": [
        {
          "offset": "70D478",
          "on": "01F0",
          "off": "29F0"
        }
      ]
    },
    {
      "name": "Materials Increase On use or sale",
      "type": "checkbox",
      "memory": [
        {
          "offset": "6FC51F",
          "on": "4401F8",
          "off": "4429F8"
        }
      ]
    },
    {
      "name": "Wings Increase in use",
      "type": "checkbox",
      "memory": [
        {
          "offset": "6EF34C",
          "on": "01F0",
          "off": "29F0"
        }
      ]
    },
    {
      "name": "Max Infinity Items",
      "type": "checkbox",
      "memory": [
        {
          "offset": "17F3800",
          "on": "6643C78467EC0600000500E9DC3BECFE",
          "off": "00000000000000000000000000000000"
        },
        {
          "offset": "6B73E3",
          "on": "E918C4130190909090",
          "off": "6643899C67EC060000"
        }
      ]
    },
    {
      "name": "Infinity Gifts",
      "type": "checkbox",
      "memory": [
        {
          "offset": "6FC955",
          "on": "9090909090909090",
          "off": "6689840FC8520100"
        }
      ]
    },
    {
      "name": "Max Kills",
      "type": "checkbox",
      "memory": [
        {
          "offset": "17F3810",
          "on": "66C78407682900009F86E97966ECFE",
          "off": "000000000000000000000000000000"
        },
        {
          "offset": "6B9E91",
          "on": "E97A9913019090",
          "off": "899C0768290000"
        }
      ]
    }
  ],
  "credits": [
    "Muhanned"
  ]
}