{
  "name": "Sleeping Dogs",
  "id": "CUSA01004",
  "version": "01.00",
  "process": "eboot.bin",
  "mods": [
    {
      "name": "Godmode",
      "hint": null,
      "type": "checkbox",
      "memory": [
        {
          "offset": "16B3548",
          "on": "BEDEDEDEDE413976500F8481502AFFC4C17A115654E976502AFF",
          "off": "0000000000000000000000000000000000000000000000000000"
        },
        {
          "offset": "9585D2",
          "on": "E971AFD50090",
          "off": "C4C17A115654"
        }
      ]
    },
    {
      "name": "Skillpoints",
      "hint": null,
      "type": "checkbox",
      "memory": [
        {
          "offset": "16B3530",
          "on": "BE0F27000089B481CC0200008B8481CC020000E9C8281EFF",
          "off": "000000000000000000000000000000000000000000000000"
        },
        {
          "offset": "895E09",
          "on": "E922D7E1009090",
          "off": "8B8481CC020000"
        }
      ]
    },
    {
      "name": "Infinite Money",
      "hint": null,
      "type": "checkbox",
      "memory": [
        {
          "offset": "8BBAC4",
          "on": "4489A0C4030000",
          "off": "4429B0C4030000"
        }
      ]
    },
    {
      "name": "Infinite Ammo",
      "hint": null,
      "type": "checkbox",
      "memory": [
        {
          "offset": "969F66",
          "on": "90909090",
          "off": "8954B95C"
        }
      ]
    },
    {
      "name": "Ammo No Clip",
      "hint": null,
      "type": "checkbox",
      "memory": [
        {
          "offset": "969844",
          "on": "9090909090909090",
          "off": "41898C87D4000000"
        }
      ]
    }
  ],
  "credits": [
    "TLH"
  ]
}