{
  "name": "Far Cry® Primal",
  "id": "CUSA03309",
  "version": "01.00",
  "process": "eboot.bin",
  "mods": [
    {
      "name": "Infinite Arrows/Clubs/spears",
      "type": "checkbox",
      "memory": [
        {
          "offset": "14C2EE0",
          "on": "9090",
          "off": "8903"
        }
      ]
    },
    {
      "name": "Infinite Throwables (use after crafting throwables)",
      "type": "checkbox",
      "memory": [
        {
          "offset": "241C9BE",
          "on": "9090909090909090",
          "off": "41899C2488000000"
        }
      ]
    },
    {
      "name": "Earn Skills On Spend",
      "type": "checkbox",
      "memory": [
        {
          "offset": "DA4E9A",
          "on": "034850",
          "off": "2B4850"
        }
      ]
    },
    {
      "name": "Max Skill Points (999)",
      "type": "checkbox",
      "memory": [
        {
          "offset": "352F800",
          "on": "6641C78584000000E703E9A45687FD",
          "off": "000000000000000000000000000000"
        },
        {
          "offset": "DA4EAC",
          "on": "E94FA978029090",
          "off": "41898D84000000"
        }
      ]
    }
  ],
  "credits": [
    "Arafat"
  ]
}