{
  "name": "COD: Ghosts (MP)",
  "id": "CUSA00025",
  "version": "01.00",
  "process": "default_mp.elf",
  "mods": [
    {
      "name": "All Client Infinite Ammo",
      "hint": null,
      "type": "checkbox",
      "memory": [
        {
          "offset": "5124B3",
          "on": "9090909090",
          "off": "44297C8104"
        }
      ]
    },
    {
      "name": "All Client Godmode",
      "hint": null,
      "type": "checkbox",
      "memory": [
        {
          "offset": "6B8F85",
          "on": "9090909090909090",
          "off": "41299C24DC010000"
        }
      ]
    }
  ],
  "credits": [
    "DeathRGH"
  ]
}