{
  "name": "Borderlands® 3",
  "id": "CUSA08025",
  "version": "01.16",
  "process": "eboot.bin",
  "mods": [
    {
      "name": "Infinite\n shield+health",
      "type": "checkbox",
      "memory": [
        {
          "offset": "4C3287C",
          "on": "9090909090",
          "off": "C5FA10535C"
        }
      ]
    },
    {
      "name": "max mony",
      "type": "checkbox",
      "memory": [
        {
          "offset": "5183A82",
          "on": "90909090",
          "off": "4883C240"
        }
      ]
    },
    {
      "name": "Infinite ammo",
      "type": "checkbox",
      "memory": [
        {
          "offset": "52957D4",
          "on": "909090",
          "off": "4C89FF"
        }
      ]
    },
    {
      "name": "no reload [use ammo]",
      "type": "checkbox",
      "memory": [
        {
          "offset": "52957CD",
          "on": "90909090909090",
          "off": "418987B0010000"
        }
      ]
    },
    {
      "name": "Infinite skill points",
      "type": "checkbox",
      "memory": [
        {
          "offset": "9A443A",
          "on": "90909090909090",
          "off": "41898E60010000"
        }
      ]
    },
    {
      "name": "Infinite Grenades",
      "type": "checkbox",
      "memory": [
        {
          "offset": "12267C1",
          "on": "909090",
          "off": "4C89E7"
        }
      ]
    }
  ],
  "credits": [
    "AhmadCH"
  ]
}