{
  "name": "The Order: 1886",
  "id": "CUSA00076",
  "version": "01.00",
  "process": "eboot.bin",
  "mods": [
    {
      "name": "Godmode",
      "hint": null,
      "type": "checkbox",
      "memory": [
        {
          "offset": "E1059B",
          "on": "E900764F009090909090",
          "off": "C4C17A118424D0000000"
        },
        {
          "offset": "1307BA0",
          "on": "6641817C243020F50F8505000000E9F289B0FFC4C17A118424D0000000E9E389B0FF",
          "off": "00000000000000000000000000000000000000000000000000000000000000000000"
        }
      ]
    },
    {
      "name": "No Reload",
      "hint": null,
      "type": "checkbox",
      "memory": [
        {
          "offset": "B0C038",
          "on": "909090909090",
          "off": "298210030000"
        }
      ]
    },
    {
      "name": "Infinite Ammo",
      "hint": null,
      "type": "checkbox",
      "memory": [
        {
          "offset": "B52544",
          "on": "90909090909090",
          "off": "41898714030000"
        }
      ]
    }
  ],
  "credits": [
    "Talixme"
  ]
}