{
  "name": ".hack//G.U Last Recode [Vol.1 Rebirth]",
  "id": "CUSA07691",
  "version": "01.00",
  "process": "hackGU_vol1.elf",
  "mods": [
    {
      "name": "Godmode",
      "hint": null,
      "type": "checkbox",
      "memory": [
        {
          "offset": "74E498",
          "on": "66018BCC010000",
          "off": "66898BCC010000"
        }
      ]
    },
    {
      "name": "Infinite FP",
      "hint": null,
      "type": "checkbox",
      "memory": [
        {
          "offset": "757EE6",
          "on": "66410185CE010000",
          "off": "66418985CE010000"
        }
      ]
    },
    {
      "name": "Infinite GS/Money",
      "hint": null,
      "type": "checkbox",
      "memory": [
        {
          "offset": "912C05",
          "on": "B97F969800",
          "off": "29D10F48CE"
        }
      ]
    },
    {
      "name": "Infinite Chims",
      "hint": null,
      "type": "checkbox",
      "memory": [
        {
          "offset": "911EE0",
          "on": "66BAE703",
          "off": "660F49D1"
        }
      ]
    },
    {
      "name": "Items not decrease ",
      "hint": "You need at least 2 items then activate.",
      "type": "checkbox",
      "memory": [
        {
          "offset": "90E126",
          "on": "90909090909090",
          "off": "889487A2160000"
        }
      ]
    },
    {
      "name": "Fast EXP/leveling ",
      "hint": "Vol.1 is Max lvl 50.",
      "type": "checkbox",
      "memory": [
        {
          "offset": "7D7C8F",
          "on": "6645017E02",
          "off": "6645897E02"
        }
      ]
    },
    {
      "name": "Set Arena SP to 1090",
      "hint": null,
      "type": "button",
      "memory": [
        {
          "offset": "27BEA58C4",
          "on": "4204",
          "off": "4204"
        }
      ]
    }
  ],
  "credits": [
    "Weysincha"
  ]
}