{
  "name": "Resident Evil Origins Collection",
  "id": "CUSA02882",
  "version": "01.00",
  "process": "bh1hd.elf",
  "mods": [
    {
      "name": "Godmode",
      "type": "checkbox",
      "memory": [
        {
          "offset": "18C7DF",
          "on": "90909090909090",
          "off": "4189864C170000"
        }
      ]
    },
    {
      "name": "Infinite Pistol Ammo",
      "type": "checkbox",
      "memory": [
        {
          "offset": "34C686",
          "on": "909090909090",
          "off": "898B24130000"
        }
      ]
    },
    {
      "name": "Infinite Tapes",
      "type": "checkbox",
      "memory": [
        {
          "offset": "D0E80",
          "on": "90909090",
          "off": "41894704"
        }
      ]
    }
  ],
  "credits": [
    "Talixme"
  ]
}