{
  "name": "NARUTO SHIPPUDEN™: Ultimate Ninja® STORM 4 ROAD TO BORUTO",
  "id": "CUSA06381",
  "version": "01.02",
  "process": "eboot.bin",
  "mods": [
    {
      "name": "Godmode Left Player",
      "type": "checkbox",
      "memory": [
        {
          "offset": "20BF800",
          "on": "0F86B2A685FEC5EA5CC0813A406A43040F8596A685FE9090909090E991A685FE",
          "off": "0000000000000000000000000000000000000000000000000000000000000000"
        },
        {
          "offset": "919EA6",
          "on": "E955597A0190",
          "off": "7616C5EA5CC0"
        }
      ]
    },
    {
      "name": "Infinite Chakra Left Player",
      "type": "checkbox",
      "memory": [
        {
          "offset": "20BF820",
          "on": "0F8692AD85FEC5EA5CC0813A406A43040F8576AD85FE9090909090E971AD85FE",
          "off": "0000000000000000000000000000000000000000000000000000000000000000"
        },
        {
          "offset": "91A5A6",
          "on": "E975527A0190",
          "off": "7616C5EA5CC0"
        }
      ]
    },
    {
      "name": "Infinite Money / Ryo",
      "type": "checkbox",
      "memory": [
        {
          "offset": "20BF840",
          "on": "41B87F969800448987A0F50000E9CFBE47FE",
          "off": "000000000000000000000000000000000000"
        },
        {
          "offset": "53B71A",
          "on": "E92141B8019090",
          "off": "448987A0F50000"
        },
        {
          "offset": "20BF852",
          "on": "41B87F9698004489873C010000E90D6CA0FE",
          "off": "000000000000000000000000000000000000"
        },
        {
          "offset": "AC646A",
          "on": "E9E3935F019090",
          "off": "4489873C010000"
        }
      ]
    }
  ],
  "credits": [
    "Weysincha"
  ]
}