{
  "name": ".hack//G.U. Last Recode",
  "id": "CUSA07559",
  "version": "01.00",
  "process": "hackGU_vol2.elf",
  "mods": [
    {
      "name": "Never Dec Items Used",
      "type": "checkbox",
      "memory": [
        {
          "offset": "5FF9A4",
          "on": "9090",
          "off": "29CA"
        }
      ]
    },
    {
      "name": "500 Smoke Bomb Value",
      "type": "checkbox",
      "memory": [
        {
          "offset": "50A63A",
          "on": "66C780BA040000E401",
          "off": "66C780BA0400008700"
        }
      ]
    },
    {
      "name": "1 Hit Kill ",
      "type": "checkbox",
      "memory": [
        {
          "offset": "C9B805",
          "on": "4839C3740466B9000066898B9C010000E9054577FF",
          "off": "000000000000000000000000000000000000000000"
        },
        {
          "offset": "40FD18",
          "on": "E9E8BA88009090",
          "off": "66898B9C010000"
        }
      ]
    },
    {
      "name": "Infinite Chin 999",
      "type": "checkbox",
      "memory": [
        {
          "offset": "C9B81C",
          "on": "66BAE703668997D0B60100E9628296FF",
          "off": "00000000000000000000000000000000"
        },
        {
          "offset": "603A87",
          "on": "E9907D69009090",
          "off": "668997D0B60100"
        }
      ]
    },
    {
      "name": "Aida Battle 1 Hit Kill",
      "type": "checkbox",
      "memory": [
        {
          "offset": "C9B82E",
          "on": "4883FB00740FC57A110F0F84435F45FFE93A5F45FFC5FA1117EBEF",
          "off": "000000000000000000000000000000000000000000000000000000"
        },
        {
          "offset": "F1777",
          "on": "E9B2A0BA0090",
          "off": "C5FA11177404"
        }
      ]
    }
  ],
  "credits": [
    "EvilGoku"
  ]
}