{
  "name": "Batman: Return to Arkham - Arkham City",
  "id": "CUSA02000",
  "version": "01.02",
  "process": "eboot.bin",
  "master": {
    "challenged": "yes",
    "memory": [
      {
        "offset": "48B3800",
        "on": "415149B900000000070000004D39CF41597E0B418907418906E96C44D3FD9090909090909090909090909090909090909090909090909090EBD9418B4704EBD3B800000000EBCC"
      },
      {
        "offset": "25E7C84",
        "on": "E977BB2C0290"
      }
    ]
  },
  "mods": [
    {
      "name": "God Mode",
      "type": "checkbox",
      "memory": [
        {
          "offset": "48B381E",
          "on": "4181BF980000002B020000740F",
          "off": "90909090909090909090909090"
        }
      ]
    },
    {
      "name": "Easy Kill",
      "type": "checkbox",
      "memory": [
        {
          "offset": "48B382B",
          "on": "4181BF980000002B0200007508",
          "off": "90909090909090909090909090"
        }
      ]
    },
    {
      "name": "Add 2000 XP",
      "type": "checkbox",
      "memory": [
        {
          "offset": "48B3847",
          "on": "415149B900000000070000004D39CF41597E0AC5FA5845C8E9745AD3FD415149B93074DFEE070000004C39CD41597402EBE1C745C80000FA44EBD8",
          "off": "0000000000000000000000000000000000000000000000000000000000000000000000000000000000000000000000000000000000000000000000"
        },
        {
          "offset": "25E92D3",
          "on": "E96FA52C02",
          "off": "C5FA5845C8"
        }
      ]
    },
    {
      "name": "Inf Skill Points",
      "type": "checkbox",
      "memory": [
        {
          "offset": "48B3882",
          "on": "415149B99056DFEE070000004C39CD4159740A8D48FF890BE9E246D3FD8D08EBF5",
          "off": "000000000000000000000000000000000000000000000000000000000000000000"
        },
        {
          "offset": "25E7F7C",
          "on": "E901B92C02",
          "off": "8D48FF890B"
        }
      ]
    }
  ],
  "credits": [
    "Cosmaty"
  ]
}