{
  "name": "Onechanbara Z2: Chaos",
  "id": "CUSA02159",
  "version": "01.01",
  "process": "eboot.bin",
  "mods": [
    {
      "name": "Max Money and Skill points",
      "hint": null,
      "type": "button",
      "memory": [
        {
          "offset": "549F9988",
          "on": "3B8E802B",
          "off": "3B8E802B"
        }
      ]
    },
    {
      "name": "Max Cure Gem",
      "hint": null,
      "type": "button",
      "memory": [
        {
          "offset": "549F92E8",
          "on": "63",
          "off": "63"
        }
      ]
    },
    {
      "name": "Max Goddess Statue Shard",
      "hint": null,
      "type": "button",
      "memory": [
        {
          "offset": "549F92FC",
          "on": "63",
          "off": "63"
        }
      ]
    },
    {
      "name": "Max Power Gem",
      "hint": null,
      "type": "button",
      "memory": [
        {
          "offset": "549F92EC",
          "on": "63",
          "off": "63"
        }
      ]
    }
  ],
  "credits": [
    "GamerX2"
  ]
}