{
  "name": "Dragon Ball Xenoverse 2",
  "id": "CUSA05088",
  "version": "01.15",
  "process": "eboot.bin",
  "mods": [
    {
      "name": "Max Zeni on Gain/Spend",
      "hint": null,
      "type": "checkbox",
      "memory": [
        {
          "offset": "27AB800",
          "on": "B9FFFFFF7F894F28E9AF8BF9FD",
          "off": "00000000000000000000000000"
        },
        {
          "offset": "7443A7",
          "on": "E954740602",
          "off": "894F287210"
        },
        {
          "offset": "27AB80D",
          "on": "3D00CA9A3BB9FFFFFF7F894F2CE9888BF9FD",
          "off": "000000000000000000000000000000000000"
        },
        {
          "offset": "74439F",
          "on": "E969740602909090",
          "off": "3D00CA9A3B894F2C"
        }
      ]
    },
    {
      "name": "Max TP/ZP on Spend",
      "hint": null,
      "type": "checkbox",
      "memory": [
        {
          "offset": "27AB81F",
          "on": "BAFFFFFF7F895730E9458CF9FD",
          "off": "00000000000000000000000000"
        },
        {
          "offset": "744461",
          "on": "E9B9730602",
          "off": "895730720B"
        },
        {
          "offset": "27AB82C",
          "on": "81F900CA9A3BBAFFFFFF7F895734E9228CF9FD",
          "off": "00000000000000000000000000000000000000"
        },
        {
          "offset": "744458",
          "on": "E9CF73060290909090",
          "off": "81F900CA9A3B895734"
        }
      ]
    },
    {
      "name": "Max Attribute Points",
      "hint": null,
      "type": "checkbox",
      "memory": [
        {
          "offset": "27AB83F",
          "on": "B8FF0000008947148B17E9176DF9FD",
          "off": "000000000000000000000000000000"
        },
        {
          "offset": "742560",
          "on": "E9DA920602",
          "off": "8947148B17"
        },
        {
          "offset": "27AB84E",
          "on": "BE22000000B8FF000000894718E9006DF9FD",
          "off": "000000000000000000000000000000000000"
        },
        {
          "offset": "742558",
          "on": "E9F1920602909090",
          "off": "BE22000000894718"
        }
      ]
    },
    {
      "name": "Max Item on Buy (Use TP Only to Buy)",
      "hint": null,
      "type": "checkbox",
      "memory": [
        {
          "offset": "27AB800",
          "on": "BA63000000895118E979A7F9FD",
          "off": "00000000000000000000000000"
        },
        {
          "offset": "745F1E",
          "on": "E9DD580602",
          "off": "895118EB63"
        },
        {
          "offset": "27AB80D",
          "on": "41BD6300000044896C1008E95137D2FD",
          "off": "00000000000000000000000000000000"
        },
        {
          "offset": "4CEF69",
          "on": "E99FC82D02",
          "off": "44896C1008"
        }
      ]
    },
    {
      "name": "Infinite Health",
      "hint": null,
      "type": "checkbox",
      "memory": [
        {
          "offset": "27AB800",
          "on": "C5FA1083EC000000C5FA1183E8000000E90E1387FD",
          "off": "000000000000000000000000000000000000000000"
        },
        {
          "offset": "1CB1B",
          "on": "E9E0EC7802909090",
          "off": "C5FA1083E8000000"
        },
        {
          "offset": "27AB83D",
          "on": "C5FA1083EC000000C5FA1183E8000000E9464B87FD",
          "off": "000000000000000000000000000000000000000000"
        },
        {
          "offset": "20390",
          "on": "E9A8B47802909090",
          "off": "C5FA1083E8000000"
        }
      ]
    },
    {
      "name": "Infinite KI",
      "hint": null,
      "type": "checkbox",
      "memory": [
        {
          "offset": "27AB815",
          "on": "C5FA108BF8000000C5FA118BF4000000E998D986FD",
          "off": "000000000000000000000000000000000000000000"
        },
        {
          "offset": "191BA",
          "on": "E956267902909090",
          "off": "C5FA108BF4000000"
        },
        {
          "offset": "27AB852",
          "on": "C4C17A1087F8000000C4C17A1187F4000000E9440C8EFD",
          "off": "0000000000000000000000000000000000000000000000"
        },
        {
          "offset": "8C4A4",
          "on": "E9A9F3710290909090",
          "off": "C4C17A1087F4000000"
        }
      ]
    },
    {
      "name": "Infinite Stamina",
      "hint": null,
      "type": "checkbox",
      "memory": [
        {
          "offset": "27AB82A",
          "on": "418B965801000041899654010000E915B1F3FD",
          "off": "00000000000000000000000000000000000000"
        },
        {
          "offset": "6E694B",
          "on": "E9DA4E0C029090",
          "off": "418B9654010000"
        }
      ]
    },
    {
      "name": "Freeze Timer",
      "hint": null,
      "type": "checkbox",
      "memory": [
        {
          "offset": "3870AE",
          "on": "90909090",
          "off": "C5FA1103"
        }
      ]
    }
  ],
  "credits": [
    "Rizla"
  ]
}