{
  "name": "inFAMOUS: Second Son",
  "id": "CUSA00223",
  "version": "01.04",
  "process": "eboot.bin",
  "mods": [
    {
      "name": "Godmode",
      "hint": null,
      "type": "checkbox",
      "memory": [
        {
          "offset": "5C5732",
          "on": "90909090",
          "off": "C5EA5CD1"
        }
      ]
    },
    {
      "name": "Infinite Energy",
      "hint": null,
      "type": "checkbox",
      "memory": [
        {
          "offset": "5C49A2",
          "on": "90909090",
          "off": "C5F25DC8"
        }
      ]
    },
    {
      "name": "Infinite Skillpoints / Shards",
      "hint": null,
      "type": "checkbox",
      "memory": [
        {
          "offset": "598061",
          "on": "BBE7030000899FE00000009090",
          "off": "899FE000000080BFC90A020000"
        }
      ]
    },
    {
      "name": "Infinite Bombs / Rockets",
      "hint": null,
      "type": "checkbox",
      "memory": [
        {
          "offset": "598F18",
          "on": "BE0500000089B7DC0000009090",
          "off": "89B7DC00000080BFC90A020000"
        }
      ]
    },
    {
      "name": "Max Level True Hero",
      "hint": null,
      "type": "button",
      "memory": [
        {
          "offset": "129BD08",
          "on": "A0E68745",
          "off": "A0E68745"
        }
      ]
    },
    {
      "name": "Max Level Infamous",
      "hint": null,
      "type": "button",
      "memory": [
        {
          "offset": "129BD08",
          "on": "00CAE6FD",
          "off": "00CAE6FD"
        }
      ]
    }
  ],
  "credits": [
    "Weysincha"
  ]
}