{
  "name": "Alien: Isolation",
  "id": "CUSA00362",
  "version": "01.04",
  "process": "eboot.bin",
  "mods": [
    {
      "name": "Godmode",
      "hint": null,
      "type": "checkbox",
      "memory": [
        {
          "offset": "582250",
          "on": "E90B4FD500",
          "off": "664189551C"
        },
        {
          "offset": "12D7160",
          "on": "4183BDE0050000FF0F8505000000E9E2B02AFF664189551CE9D8B02AFF",
          "off": "0000000000000000000000000000000000000000000000000000000000"
        }
      ]
    },
    {
      "name": "Infinite Crafting Materials",
      "hint": null,
      "type": "checkbox",
      "memory": [
        {
          "offset": "5AE72E",
          "on": "01",
          "off": "89"
        }
      ]
    }
  ],
  "credits": [
    "Talixme"
  ]
}