{
  "name": "NieR: Automata",
  "id": "CUSA04480",
  "version": "01.06",
  "process": "eboot.bin",
  "mods": [
    {
      "name": "Godmode",
      "hint": null,
      "type": "checkbox",
      "memory": [
        {
          "offset": "6E4314",
          "on": "018318060100",
          "off": "898318060100"
        }
      ]
    },
    {
      "name": "Money",
      "hint": null,
      "type": "checkbox",
      "memory": [
        {
          "offset": "1793000",
          "on": "488B4850BB7F9698000119C3",
          "off": "000000000000000000000000"
        },
        {
          "offset": "b1be62",
          "on": "E89971C70090",
          "off": "488B48500119"
        }
      ]
    },
    {
      "name": "Max Level",
      "hint": null,
      "type": "button",
      "memory": [
        {
          "offset": "AB476D",
          "on": "B87F96980089C190",
          "off": "B87F96980089C190"
        }
      ]
    },
    {
      "name": "Infinite jump",
      "type": "checkbox",
      "memory": [
        {
          "offset": "29BDCE",
          "on": "90909090909090",
          "off": "41898558140000"
        }
      ]
    }
  ],
  "credits": [
    "Weysincha, Skal"
  ]
}