{
  "name": "Diablo III: Reaper of Souls – Ultimate Evil Edition",
  "id": "CUSA00433",
  "version": "01.40",
  "process": "eboot.bin",
  "mods": [
    {
      "name": "Infinite Mana",
      "type": "checkbox",
      "memory": [
        {
          "offset": "753A59",
          "on": "90909090",
          "off": "4489680C"
        }
      ]
    },
    {
      "name": "Max gold on buy",
      "type": "checkbox",
      "memory": [
        {
          "offset": "1352070",
          "on": "42C784F8289D000015CD5B07E9A30D22FF",
          "off": "0000000000000000000000000000000000"
        },
        {
          "offset": "572E1C",
          "on": "E94FF2DD00909090",
          "off": "4A898CF8289D0000"
        }
      ]
    },
    {
      "name": "Item / Kill Multiplier",
      "type": "checkbox",
      "memory": [
        {
          "offset": "916C58",
          "on": "B90F27000090",
          "off": "81F9FFFFFF00"
        }
      ]
    }
  ],
  "credits": [
    "TylerMods_9.00"
  ]
}