{
  "name": "Dead Nation",
  "id": "CUSA00176",
  "version": "01.03",
  "process": "eboot.bin",
  "mods": [
    {
      "name": "Infinite Health",
      "hint": null,
      "type": "checkbox",
      "memory": [
        {
          "offset": "13B7C01",
          "on": "C5F25D48605348BB003DAE06020000004839C37505C5FA1048605BE9F0CF0DFF",
          "off": "0000000000000000000000000000000000000000000000000000000000000000"
        },
        {
          "offset": "494C0C",
          "on": "E9F02FF200",
          "off": "C5F25D4860"
        }
      ]
    },
    {
      "name": "Infinite Ammo",
      "hint": null,
      "type": "checkbox",
      "memory": [
        {
          "offset": "49009C",
          "on": "9090909090",
          "off": "E9C1060000"
        },
        {
          "offset": "490110",
          "on": "9090",
          "off": "29C2"
        }
      ]
    },
    {
      "name": "Infinite Flares / Grenades / Molotovs and Mines",
      "hint": null,
      "type": "checkbox",
      "memory": [
        {
          "offset": "490754",
          "on": "9090",
          "off": "FFC8"
        }
      ]
    },
    {
      "name": "Infinite Money Part1",
      "hint": null,
      "type": "checkbox",
      "memory": [
        {
          "offset": "49DD12",
          "on": "90909090",
          "off": "41294504"
        }
      ]
    },
    {
      "name": "Infinite Money Part2",
      "hint": null,
      "type": "checkbox",
      "memory": [
        {
          "offset": "49DE42",
          "on": "90909090",
          "off": "41294704"
        }
      ]
    },
    {
      "name": "Infinite Money Part3",
      "hint": null,
      "type": "checkbox",
      "memory": [
        {
          "offset": "49E17D",
          "on": "90909090",
          "off": "41294504"
        }
      ]
    },
    {
      "name": "Infinite Stamina",
      "hint": null,
      "type": "checkbox",
      "memory": [
        {
          "offset": "DC7375",
          "on": "C5FA110F",
          "off": "C5FA1117"
        }
      ]
    }
  ],
  "credits": [
    "Vampirexx"
  ]
}