{
  "name": "COD: World War II (Campaign)",
  "id": "CUSA05969",
  "version": "01.11",
  "process": "default.elf",
  "mods": [
    {
      "name": "Godmode",
      "type": "checkbox",
      "memory": [
        {
          "offset": "bbc006c",
          "on": "7FFFFFFF",
          "off": "64"
        }
      ]
    },
    {
      "name": "Infinite Ammo",
      "type": "checkbox",
      "memory": [
        {
          "offset": "9261d7",
          "on": "9090909090",
          "off": "4429648810"
        },
        {
          "offset": "8ffffc",
          "on": "909090",
          "off": "FF4810"
        }
      ]
    },
    {
      "name": "Laser",
      "type": "checkbox",
      "memory": [
        {
          "offset": "c1215a6",
          "on": "01",
          "off": "00"
        }
      ]
    }
  ],
  "credits": [
    "DeathRGH"
  ]
}