{
  "name": "Killzone Shadow Fall",
  "id": "CUSA00002",
  "version": "01.00",
  "process": "eboot.bin",
  "mods": [
    {
      "name": "Godmode",
      "hint": null,
      "type": "checkbox",
      "memory": [
        {
          "offset": "A68DA3",
          "on": "90909090",
          "off": "C5FA1100"
        }
      ]
    },
    {
      "name": "Infinite Ammo",
      "hint": null,
      "type": "checkbox",
      "memory": [
        {
          "offset": "10521AC",
          "on": "90909090",
          "off": "4529751C"
        }
      ]
    },
    {
      "name": "Infinite Medkits (Slow Time)",
      "hint": null,
      "type": "checkbox",
      "memory": [
        {
          "offset": "FD2732",
          "on": "90909090909090",
          "off": "41898E70020000"
        }
      ]
    }
  ],
  "credits": [
    "Talixme"
  ]
}