{
  "name": "Transformers Devastation",
  "id": "CUSA01410",
  "version": "01.00",
  "process": "eboot.bin",
  "mods": [
    {
      "name": "Infinite Ammo",
      "hint": null,
      "type": "checkbox",
      "memory": [
        {
          "offset": "515884",
          "on": "9090909090904C89",
          "off": "FF8B942000004C89"
        }
      ]
    },
    {
      "name": "x2 Money",
      "hint": null,
      "type": "checkbox",
      "memory": [
        {
          "offset": "488E37",
          "on": "41018C2458060000",
          "off": "41898C2458060000"
        }
      ]
    },
    {
      "name": "God-Mode +1 Every Hit/Kill",
      "hint": null,
      "type": "checkbox",
      "memory": [
        {
          "offset": "488AEE",
          "on": "01CA418994249C46",
          "off": "29CA418994249C46"
        }
      ]
    }
  ],
  "credits": [
    "PS4Guru"
  ]
}