{
  "name": "WATCH_DOGS® 2",
  "id": "CUSA04294",
  "version": "01.18",
  "process": "eboot.bin",
  "mods": [
    {
      "name": "Inf Health",
      "type": "checkbox",
      "memory": [
        {
          "offset": "5F8FF9C",
          "on": "837B0800741C837B0C02751641534C8B5B0841813B30604806415B7505C5FA10431CC5FA114318E9B03DD0FC",
          "off": "0000000000000000000000000000000000000000000000000000000000000000000000000000000000000000"
        },
        {
          "offset": "2C93D73",
          "on": "E924C22F03",
          "off": "C5FA114318"
        }
      ]
    },
    {
      "name": "Inf Botnet",
      "type": "checkbox",
      "memory": [
        {
          "offset": "E4E3CE",
          "on": "C5FA114B74",
          "off": "C5FA114374"
        }
      ]
    },
    {
      "name": "Inf Research Points",
      "type": "checkbox",
      "memory": [
        {
          "offset": "186662A",
          "on": "44035228",
          "off": "442B5228"
        }
      ]
    },
    {
      "name": "No Reload",
      "type": "checkbox",
      "memory": [
        {
          "offset": "1381275",
          "on": "909090909090",
          "off": "FF8BA0000000"
        }
      ]
    },
    {
      "name": "Max Money (On Spend)",
      "type": "checkbox",
      "memory": [
        {
          "offset": "5F8FD60",
          "on": "43C784EFA0060000FFC99A3BE95F978DFB",
          "off": "0000000000000000000000000000000000"
        },
        {
          "offset": "18694C8",
          "on": "E993687204909090",
          "off": "4F29A4EFA0060000"
        }
      ]
    }
  ],
  "credits": [
    "Saso_9.00"
  ]
}