{
  "name": "Red Dead Redemption 2",
  "id": "CUSA08519",
  "version": "01.29",
  "process": "eboot.bin",
  "mods": [
    {
      "name": "Infinite items and consumables",
      "type": "checkbox",
      "memory": [
        {
          "offset": "C8C303",
          "on": "49894618",
          "off": "4D897E18"
        }
      ]
    },
    {
      "name": "no reload 1 add ammo",
      "type": "checkbox",
      "memory": [
        {
          "offset": "2BA856C",
          "on": "42015C3814",
          "off": "42895C3814"
        }
      ]
    },
    {
      "name": "no reload 2 freeze ammo (reload shotgun before enabling)",
      "type": "checkbox",
      "memory": [
        {
          "offset": "2BA856C",
          "on": "9090909090",
          "off": "42895C3814"
        }
      ]
    },
    {
      "name": "Infinite Ammo",
      "type": "checkbox",
      "memory": [
        {
          "offset": "2BADD51",
          "on": "9090909090",
          "off": "44897C0818"
        }
      ]
    }
  ],
  "credits": [
    "LMN"
  ]
}