{
  "name": "Dishonored 2",
  "id": "CUSA03603",
  "version": "01.01",
  "process": "eboot.bin",
  "mods": [
    {
      "name": "Godmode",
      "hint": null,
      "type": "checkbox",
      "memory": [
        {
          "offset": "2D4C1B0",
          "on": "BEFFFFFFFF39734E0F842CEABAFEC5FA114320E922EABAFE",
          "off": "000000000000000000000000000000000000000000000000"
        },
        {
          "offset": "18FABE5",
          "on": "E9C6154501",
          "off": "C5FA114320"
        }
      ]
    },
    {
      "name": "Infinite Money",
      "hint": null,
      "type": "checkbox",
      "memory": [
        {
          "offset": "2D4C1C8",
          "on": "BB3F420F00899F6C010000E9634698FE",
          "off": "00000000000000000000000000000000"
        },
        {
          "offset": "16D0835",
          "on": "E98EB9670190",
          "off": "019F6C010000"
        }
      ]
    },
    {
      "name": "Infinite Mana",
      "hint": null,
      "type": "checkbox",
      "memory": [
        {
          "offset": "19360D5",
          "on": "9090909090",
          "off": "C5FA114720"
        }
      ]
    },
    {
      "name": "Infinite Items/Ammo",
      "hint": null,
      "type": "checkbox",
      "memory": [
        {
          "offset": "16D078C",
          "on": "90909090",
          "off": "895C3120"
        }
      ]
    }
  ],
  "credits": [
    "TLH"
  ]
}