{
  "name": "Uncharted: The Nathan Drake Collection™",
  "id": "CUSA02320",
  "version": "01.00",
  "process": "big3-ps4_Shipping.elf",
  "mods": [
    {
      "name": "L3 + Upper L or Upper R Touch Pad",
      "type": "checkbox",
      "memory": [
        {
          "offset": "1357800",
          "on": "5148B98883400008000000488B094883E102750DC680FC4B00000059E9C682A5FFC680FC4B00000159E9B982A5FF",
          "off": "00000000000000000000000000000000000000000000000000000000000000000000000000000000000000000000"
        },
        {
          "offset": "DAFAE0",
          "on": "E91B7D5A009090",
          "off": "80B8FC4B000000"
        }
      ]
    },
    {
      "name": "Enable FPS View - Hold L3",
      "type": "checkbox",
      "memory": [
        {
          "offset": "162194",
          "on": "0F84C10B0000",
          "off": "0F85C10B0000"
        }
      ]
    },
    {
      "name": "Enable Task View - Hold L3",
      "type": "checkbox",
      "memory": [
        {
          "offset": "135782E",
          "on": "5348BB8883400008000000488B1B4883E302750DC681B9390000015BE9039F51FFC681B9390000005BE9F69E51FF",
          "off": "00000000000000000000000000000000000000000000000000000000000000000000000000000000000000000000"
        },
        {
          "offset": "87174A",
          "on": "E9DF60AE009090907427",
          "off": "8A89B93900000A087527"
        }
      ]
    }
  ],
  "credits": [
    "hejran7"
  ]
}