{
  "name": "South Park™: The Stick of Truth™",
  "id": "CUSA04768",
  "version": "01.00",
  "process": "eboot.bin",
  "mods": [
    {
      "name": "Infinite Money",
      "type": "checkbox",
      "memory": [
        {
          "offset": "1787800",
          "on": "4801CAB87F9698008902E9207CE5FE",
          "off": "000000000000000000000000000000"
        },
        {
          "offset": "5DF42A",
          "on": "E9D1831A01",
          "off": "4801CA8902"
        }
      ]
    },
    {
      "name": "Godmode Test",
      "type": "checkbox",
      "memory": [
        {
          "offset": "5FDCD3",
          "on": "9090909090",
          "off": "C5FA114028"
        }
      ]
    },
    {
      "name": "Godmode Test 2",
      "type": "checkbox",
      "memory": [
        {
          "offset": "5FDCCF",
          "on": "90909090",
          "off": "488B45D0"
        }
      ]
    }
  ],
  "credits": [
    "Weysincha"
  ]
}