{
  "name": "Ratchet & Clank™",
  "id": "CUSA01047",
  "version": "01.07",
  "process": "eboot.bin",
  "mods": [
    {
      "name": "Max Bolts+Gold bolts+Raritanium On Get",
      "type": "checkbox",
      "memory": [
        {
          "offset": "350B800",
          "on": "41BF3F420F0045897C2418E99416B1FD",
          "off": "00000000000000000000000000000000"
        },
        {
          "offset": "101CE9F",
          "on": "E95CE94E02",
          "off": "45897C2418"
        }
      ]
    },
    {
      "name": "Max+Infinity Health",
      "type": "checkbox",
      "memory": [
        {
          "offset": "3509120",
          "on": "41C785C003000000002042C4C17A108DC0030000E988DAD8FC",
          "off": "00000000000000000000000000000000000000000000000000"
        },
        {
          "offset": "296BB8",
          "on": "E96325270390909090",
          "off": "C4C17A108DC0030000"
        }
      ]
    },
    {
      "name": "Max+Infinity Ammo",
      "type": "checkbox",
      "memory": [
        {
          "offset": "4BB1B8",
          "on": "C5FA5FC1",
          "off": "C5FA5DC1"
        }
      ]
    },
    {
      "name": "Infinity Nitro Boost for Racing",
      "type": "checkbox",
      "memory": [
        {
          "offset": "38068D",
          "on": "90909090",
          "off": "C5F25CC8"
        }
      ]
    },
    {
      "name": "Infinity Jet Pack",
      "type": "checkbox",
      "memory": [
        {
          "offset": "421C06",
          "on": "90909090",
          "off": "C5EA5CC9"
        }
      ]
    }
  ],
  "credits": [
    "ADI+Aran"
  ]
}