{
  "name": "DEAD OR ALIVE Xtreme 3 Fortune",
  "id": "CUSA04555",
  "version": "01.01",
  "process": "eboot.bin",
  "mods": [
    {
      "name": "Max Money",
      "type": "checkbox",
      "memory": [
        {
          "offset": "2AA7CC",
          "on": "90909090",
          "off": "410F4EFA"
        },
        {
          "offset": "1CF5F7",
          "on": "909090",
          "off": "0F4EC1"
        }
      ]
    },
    {
      "name": "Max Level",
      "type": "checkbox",
      "memory": [
        {
          "offset": "703800",
          "on": "BAFFFFFF0041B9FFFFFFFFE91C61BBFF",
          "off": "00000000000000000000000000000000"
        },
        {
          "offset": "2B9926",
          "on": "E9D59E440090",
          "off": "41B9FFFFFFFF"
        }
      ]
    }
  ],
  "credits": [
    "TLH"
  ]
}