{
  "name": "Dying Light",
  "id": "CUSA03991",
  "version": "01.00",
  "process": "eboot.bin",
  "mods": [
    {
      "name": "Godmode",
      "type": "checkbox",
      "memory": [
        {
          "offset": "a659de",
          "on": "C5FA1193F4110000",
          "off": "C5FA1183F4110000"
        }
      ]
    },
    {
      "name": "Infinite Ammo",
      "type": "checkbox",
      "memory": [
        {
          "offset": "b87602",
          "on": "9090909090",
          "off": "44897C0804"
        }
      ]
    },
    {
      "name": "No Reload",
      "type": "checkbox",
      "memory": [
        {
          "offset": "5fcb31",
          "on": "9090909090",
          "off": "E87AD2EB00"
        }
      ]
    },
    {
      "name": "Infinite Weapon Durability",
      "type": "checkbox",
      "memory": [
        {
          "offset": "5fcf76",
          "on": "9090909090",
          "off": "C5FA114304"
        }
      ]
    },
    {
      "name": "Infinite Grappling Hook Stamina",
      "type": "checkbox",
      "memory": [
        {
          "offset": "c36fd8",
          "on": "9090909090",
          "off": "C5FA114340"
        }
      ]
    },
    {
      "name": "Freeze Part / Item Count",
      "type": "checkbox",
      "memory": [
        {
          "offset": "5fcb3b",
          "on": "909090",
          "off": "458937"
        }
      ]
    },
    {
      "name": "Max Money",
      "type": "button",
      "memory": [
        {
          "offset": "b86b8f",
          "on": "909090",
          "off": "909090"
        }
      ]
    },
    {
      "name": "Max XP",
      "type": "button",
      "memory": [
        {
          "offset": "ae36ba",
          "on": "4C01F9",
          "off": "4C01F9"
        }
      ]
    }
  ],
  "credits": [
    "DeathRGH"
  ]
}