{
  "name": "Minecraft",
  "id": "CUSA00265",
  "version": "01.00",
  "process": "eboot.bin",
  "mods": [
    {
      "name": "Infinite Health",
      "hint": null,
      "type": "checkbox",
      "memory": [
        {
          "offset": "7F55FB",
          "on": "90909090909090",
          "off": "4429BB5C020000"
        }
      ]
    },
    {
      "name": "No Hunger",
      "hint": null,
      "type": "checkbox",
      "memory": [
        {
          "offset": "74CDA0",
          "on": "9090",
          "off": "8903"
        }
      ]
    },
    {
      "name": "Infinite Items Throw",
      "hint": null,
      "type": "checkbox",
      "memory": [
        {
          "offset": "77688D",
          "on": "909090",
          "off": "894318"
        }
      ]
    },
    {
      "name": "Infinite Items Build",
      "hint": null,
      "type": "checkbox",
      "memory": [
        {
          "offset": "86011B",
          "on": "909090",
          "off": "FF4818"
        }
      ]
    }
  ],
  "credits": [
    "DeathRGH"
  ]
}