{
  "name": "Borderlands® 3",
  "id": "CUSA08025",
  "version": "01.11",
  "process": "eboot.bin",
  "mods": [
    {
      "name": "Infinite Health + Grenades",
      "type": "checkbox",
      "memory": [
        {
          "offset": "92F0800",
          "on": "81F9F0E178077508C5FA108BAC0000004C39D2750B6683FA137505C5FA104B20C5FA118BA0000000E98B4C8EFB",
          "off": "000000000000000000000000000000000000000000000000000000000000000000000000000000000000000000"
        },
        {
          "offset": "4BD54B0",
          "on": "E94BB37104909090",
          "off": "C5FA118BA0000000"
        }
      ]
    },
    {
      "name": "Infinite Ammo",
      "type": "checkbox",
      "memory": [
        {
          "offset": "4BF84EA",
          "on": "9090909090909090",
          "off": "C5FA118BA0000000"
        }
      ]
    },
    {
      "name": "No Reload",
      "type": "checkbox",
      "memory": [
        {
          "offset": "525750D",
          "on": "90909090909090",
          "off": "418987B0010000"
        }
      ]
    },
    {
      "name": "Infinite Money",
      "type": "checkbox",
      "memory": [
        {
          "offset": "5144908",
          "on": "4401F29090",
          "off": "4203543818"
        }
      ]
    },
    {
      "name": "Infinite Skill Points",
      "type": "checkbox",
      "memory": [
        {
          "offset": "9A321A",
          "on": "90909090909090",
          "off": "41898E60010000"
        }
      ]
    },
    {
      "name": "Infinite Grenades (only use if not using Infinite Health)",
      "type": "checkbox",
      "memory": [
        {
          "offset": "92F0800",
          "on": "4881F9F0E178077508C5FA108BAC000000C5FA118BA0000000E99A4C8EFB",
          "off": "000000000000000000000000000000000000000000000000000000000000"
        },
        {
          "offset": "4BD54B0",
          "on": "E94BB37104909090",
          "off": "C5FA118BA0000000"
        }
      ]
    }
  ],
  "credits": [
    "hanakuso"
  ]
}