{
  "name": "Guns Gore and Cannoli 2",
  "id": "CUSA08413",
  "version": "01.00",
  "process": "eboot.bin",
  "mods": [
    {
      "name": "Inf Health / 1Hit Kill",
      "type": "checkbox",
      "memory": [
        {
          "offset": "13D783F",
          "on": "4180FD01741041C787C801000000004843E9DA64FC7E41C787C801000000000000E9CA64FC7E",
          "off": "0000000000000000000000000000000000000000000000000000000000000000000000000000"
        },
        {
          "offset": "8039DD26",
          "on": "E9149B038190909090",
          "off": "F3450F11BFC8010000"
        }
      ]
    },
    {
      "name": "Inf Ammo(1) No Reload (Default Pistol)",
      "type": "checkbox",
      "memory": [
        {
          "offset": "13D7824",
          "on": "488B3C24C6472463E9E625017F",
          "off": "00000000000000000000000000"
        },
        {
          "offset": "803E9E10",
          "on": "E90FDAFE809090",
          "off": "488B3C24894724"
        }
      ]
    },
    {
      "name": "inf Ammo(2) Enable (1) First",
      "type": "checkbox",
      "memory": [
        {
          "offset": "13D7831",
          "on": "B8630000004189471CE98721017F",
          "off": "0000000000000000000000000000"
        },
        {
          "offset": "803E99C0",
          "on": "E96CDEFE8090",
          "off": "FFC84189471C"
        }
      ]
    }
  ],
  "credits": [
    "Saso"
  ]
}