{
  "name": "ELEX",
  "id": "CUSA04317",
  "version": "01.03",
  "process": "eboot.bin",
  "mods": [
    {
      "name": "Infinite Items",
      "type": "checkbox",
      "memory": [
        {
          "offset": "4BC8CA",
          "on": "9090909090",
          "off": "41894C2444"
        }
      ]
    },
    {
      "name": "Use Attribute/Learning Point for Max Skill and Ability",
      "type": "checkbox",
      "memory": [
        {
          "offset": "1867800",
          "on": "BB6400000043895CAE1CE99240D2FE",
          "off": "000000000000000000000000000000"
        },
        {
          "offset": "58B89C",
          "on": "E95FBF2D01",
          "off": "43895CAE1C"
        }
      ]
    },
    {
      "name": "Max Items and Money On Use/Sell/Buy",
      "type": "checkbox",
      "memory": [
        {
          "offset": "1867800",
          "on": "B99F86010041894C2444E9C050C5FE",
          "off": "000000000000000000000000000000"
        },
        {
          "offset": "4BC8CA",
          "on": "E931AF3A01",
          "off": "41894C2444"
        }
      ]
    }
  ],
  "credits": [
    "GamerX2"
  ]
}