{
  "name": "Mad Max",
  "id": "CUSA00103",
  "version": "01.04",
  "process": "eboot.bin",
  "master": {
    "challenged": "yes",
    "memory": [
      {
        "offset": "1353874",
        "on": "C4C17A114CCA0C4883FA087509C4C17A114CCA0C90904883FA047509C4C17A114CCA0C90904883FA440F85C4000AFFC4C17A114CCA0C9090E9B6000AFF"
      },
      {
        "offset": "3F3960",
        "on": "E90FFFF5009090"
      }
    ]
  },
  "mods": [
    {
      "name": "Max Inf HP",
      "type": "checkbox",
      "memory": [
        {
          "offset": "5CC7E9",
          "on": "C5FA115F1C",
          "off": "C5FA11571C"
        }
      ]
    },
    {
      "name": "Max Inf Fury",
      "type": "checkbox",
      "memory": [
        {
          "offset": "1353832",
          "on": "4883F970750E41C7440D0000803B44E91C2A39FF4189440D00E9122A39FF",
          "off": "000000000000000000000000000000000000000000000000000000000000"
        },
        {
          "offset": "6E625D",
          "on": "E9D0D5C600",
          "off": "4189440D00"
        }
      ]
    },
    {
      "name": "Max Inf Ammo",
      "type": "checkbox",
      "memory": [
        {
          "offset": "1353850",
          "on": "89D141B9630000004489C9E9E89922FF",
          "off": "00000000000000000000000000000000"
        },
        {
          "offset": "57D243",
          "on": "E90866DD00",
          "off": "89D14429C9"
        },
        {
          "offset": "56D930",
          "on": "66C741046300",
          "off": "66C741040000"
        },
        {
          "offset": "56D926",
          "on": "7508",
          "off": "7408"
        },
        {
          "offset": "1353860",
          "on": "89CEB86300000089C60F8D5AFF3AFFE94BFF3AFF",
          "off": "0000000000000000000000000000000000000000"
        },
        {
          "offset": "7037B9",
          "on": "E9A200C50090",
          "off": "89CE29C67D0A"
        }
      ]
    },
    {
      "name": "No Reload",
      "type": "checkbox",
      "memory": [
        {
          "offset": "44B83A",
          "on": "9090",
          "off": "FFC8"
        },
        {
          "offset": "56D928",
          "on": "9090",
          "off": "FFC8"
        }
      ]
    },
    {
      "name": "Max Inf Canteen",
      "type": "checkbox",
      "memory": [
        {
          "offset": "1353881",
          "on": "41C744CA0C00007A44",
          "off": "C4C17A114CCA0C9090"
        }
      ]
    },
    {
      "name": "Max Inf Fuel",
      "type": "checkbox",
      "memory": [
        {
          "offset": "1353890",
          "on": "41C744CA0C00004842",
          "off": "C4C17A114CCA0C9090"
        }
      ]
    },
    {
      "name": "Max Inf Scraps",
      "type": "checkbox",
      "memory": [
        {
          "offset": "13538A3",
          "on": "41C744CA0CF0237449",
          "off": "C4C17A114CCA0C9090"
        }
      ]
    },
    {
      "name": "Inf Car Health",
      "type": "checkbox",
      "memory": [
        {
          "offset": "13538B1",
          "on": "81FB5098FFEE0F841A273FFFC4C17A1106E910273FFF",
          "off": "00000000000000000000000000000000000000000000"
        },
        {
          "offset": "745FD2",
          "on": "E9DAD8C000",
          "off": "C4C17A1106"
        }
      ]
    },
    {
      "name": "Inf Griffa Tokens x1",
      "type": "checkbox",
      "memory": [
        {
          "offset": "13538C7",
          "on": "C6872801000001E9737E2FFF",
          "off": "000000000000000000000000"
        },
        {
          "offset": "64B740",
          "on": "E98281D00090",
          "off": "898728010000"
        }
      ]
    },
    {
      "name": "Inf Griffa Tokens x5",
      "type": "checkbox",
      "memory": [
        {
          "offset": "13538D3",
          "on": "C6872801000005E9677E2FFF",
          "off": "000000000000000000000000"
        },
        {
          "offset": "64B740",
          "on": "E98E81D00090",
          "off": "898728010000"
        }
      ]
    },
    {
      "name": "Inf Enemy HP",
      "type": "checkbox",
      "memory": [
        {
          "offset": "3E4CC5",
          "on": "909090909090909090",
          "off": "C4C17A119584010000"
        }
      ]
    },
    {
      "name": "Inf Enemy HP fake",
      "type": "checkbox",
      "memory": [
        {
          "offset": "3E4F4A",
          "on": "9090909090909090",
          "off": "C5FA1180E8010000"
        }
      ]
    }
  ],
  "credits": [
    "OldGamer"
  ]
}