{
  "name": "Onechanbara Z2: Chaos",
  "id": "CUSA02159",
  "version": "01.01",
  "process": "eboot.bin",
  "mods": [
    {
      "name": "Max Money and Skill points",
      "type": "button",
      "memory": [
        {
          "offset": "545f9988",
          "on": "3B8E802B",
          "off": "3B8E802B"
        }
      ]
    },
    {
      "name": "Max Cure Gem",
      "type": "button",
      "memory": [
        {
          "offset": "545f92e8",
          "on": "63",
          "off": "63"
        }
      ]
    },
    {
      "name": "Max Goddess Statue Shard",
      "type": "button",
      "memory": [
        {
          "offset": "545f92fc",
          "on": "63",
          "off": "63"
        }
      ]
    },
    {
      "name": "Max Power Gem",
      "type": "button",
      "memory": [
        {
          "offset": "545f92ec",
          "on": "63",
          "off": "63"
        }
      ]
    }
  ],
  "credits": [
    "GamerX2"
  ]
}