{
  "name": "METAL GEAR SOLID V: THE DEFINITIVE EXPERIENCE",
  "id": "CUSA05610",
  "version": "01.11",
  "process": "eboot.bin",
  "mods": [
    {
      "name": "Infinite Health",
      "type": "checkbox",
      "memory": [
        {
          "offset": "1D1CE3E",
          "on": "C4C17A11748CCC",
          "off": "C4C17A116C8CCC"
        }
      ]
    },
    {
      "name": "Infinite Ammo / No Relaod",
      "type": "checkbox",
      "memory": [
        {
          "offset": "2164BB1",
          "on": "90909090",
          "off": "66890C72"
        },
        {
          "offset": "B3DDF7",
          "on": "8919",
          "off": "8901"
        }
      ]
    },
    {
      "name": "Infinite Suppressor",
      "type": "checkbox",
      "memory": [
        {
          "offset": "1FA5CBD",
          "on": "408A7C7205",
          "off": "408A7C7204"
        }
      ]
    },
    {
      "name": "Infinite Grenades",
      "type": "checkbox",
      "memory": [
        {
          "offset": "34EA100",
          "on": "39CE66B90800E93FAEC7FE",
          "off": "0000000000000000000000"
        },
        {
          "offset": "2164F44",
          "on": "E9B751380190",
          "off": "39CE660F46CE"
        }
      ]
    },
    {
      "name": "Max GMP (5000000)",
      "type": "checkbox",
      "memory": [
        {
          "offset": "3452300",
          "on": "4439C20F8F051671FEBA404B4C00E9EF1571FE",
          "off": "00000000000000000000000000000000000000"
        },
        {
          "offset": "1B638FD",
          "on": "E9FEE98E01",
          "off": "4439C27F0C"
        }
      ]
    }
  ],
  "credits": [
    "Saso_9.00"
  ]
}