{
  "name": "NBA Live 18",
  "id": "CUSA06321",
  "version": "01.11",
  "process": "eboot.bin",
  "mods": [
    {
      "name": "Infinite REP points (Spend REP points to take effect)",
      "hint": null,
      "type": "checkbox",
      "memory": [
        {
          "offset": "52D5F5",
          "on": "41899C24B0000000",
          "off": "41019C24B0000000"
        },
        {
          "offset": "52D5EC",
          "on": "BB7F96980090909090",
          "off": "4839010F8499000000"
        }
      ]
    },
    {
      "name": "Infinite Hype Points (Earn Hype points to take effect)",
      "hint": null,
      "type": "checkbox",
      "memory": [
        {
          "offset": "2C5880E",
          "on": "B87F969800",
          "off": "83F903723D"
        },
        {
          "offset": "2C5884C",
          "on": "418904BE",
          "off": "498904BE"
        }
      ]
    },
    {
      "name": "Skillpoints increase by using",
      "hint": null,
      "type": "checkbox",
      "memory": [
        {
          "offset": "596770",
          "on": "01B7580C0000",
          "off": "89B7580C0000"
        }
      ]
    },
    {
      "name": "Set EXP to 9.999.999 (Earn EXP to take effect)",
      "hint": null,
      "type": "button",
      "memory": [
        {
          "offset": "248CE19AC",
          "on": "BB7F96980090",
          "off": "BB7F96980090"
        }
      ]
    },
    {
      "name": "Set Left Team Basket points to 200",
      "hint": null,
      "type": "button",
      "memory": [
        {
          "offset": "24D8BC628",
          "on": "C8",
          "off": "C8"
        }
      ]
    }
  ],
  "credits": [
    "Weysincha"
  ]
}