{
  "name": "The Evil Within",
  "id": "CUSA01082",
  "version": "01.06",
  "process": "eboot.bin",
  "mods": [
    {
      "name": "Pointer",
      "type": "checkbox",
      "memory": [
        {
          "offset": "1A5F9E4",
          "on": "488B0348891D02C672074889DFE93282FCFE",
          "off": "000000000000000000000000000000000000"
        },
        {
          "offset": "A27C22",
          "on": "E9BD7D030190",
          "off": "488B034889DF"
        }
      ]
    },
    {
      "name": "Health / 1 Hit Kills",
      "type": "checkbox",
      "memory": [
        {
          "offset": "1A5F9F6",
          "on": "000048393DF1C572077515803DEEFFFFFF017518C787C40800000000C842EB14803DDAFFFFFF0175030F57C0C5FA1187C4080000E9EAEF9EFE",
          "off": "000000000000000000000000000000000000000000000000000000000000000000000000000000000000000000000000000000000000000000"
        },
        {
          "offset": "44EA11",
          "on": "E9E20F6101909090",
          "off": "C5FA1187C4080000"
        }
      ]
    },
    {
      "name": "Infinite Health",
      "type": "checkbox",
      "memory": [
        {
          "offset": "1A5F9F6",
          "on": "01",
          "off": "00"
        }
      ]
    },
    {
      "name": "1 Hit Kills",
      "type": "checkbox",
      "memory": [
        {
          "offset": "1A5F9F7",
          "on": "01",
          "off": "00"
        }
      ]
    },
    {
      "name": "Bottomless Clip",
      "type": "checkbox",
      "memory": [
        {
          "offset": "7D2826",
          "on": "9090",
          "off": "29F1"
        }
      ]
    },
    {
      "name": "Infinite Ammo",
      "type": "checkbox",
      "memory": [
        {
          "offset": "7D208C",
          "on": "9090",
          "off": "29D8"
        }
      ]
    },
    {
      "name": "Infinite Gel",
      "type": "checkbox",
      "memory": [
        {
          "offset": "7D06D0",
          "on": "81C6FFFFFF00",
          "off": "037710897710"
        }
      ]
    },
    {
      "name": "Infinite Stamina",
      "type": "checkbox",
      "memory": [
        {
          "offset": "738FF4",
          "on": "0F57C09090909090",
          "off": "C5FA5883F0100000"
        }
      ]
    },
    {
      "name": "Infinite Items",
      "type": "checkbox",
      "memory": [
        {
          "offset": "7D0722",
          "on": "41395E1090",
          "off": "41837E1001"
        },
        {
          "offset": "7D0727",
          "on": "7D5E",
          "off": "7427"
        }
      ]
    }
  ],
  "credits": [
    "TLH"
  ]
}