{
  "name": "Mad Max",
  "id": "CUSA00054",
  "version": "01.00",
  "process": "eboot.bin",
  "mods": [
    {
      "name": "Godmode",
      "hint": null,
      "type": "checkbox",
      "memory": [
        {
          "offset": "9C88A9",
          "on": "9090909090",
          "off": "C5FA11571C"
        }
      ]
    },
    {
      "name": "Infinite Ammo",
      "hint": null,
      "type": "checkbox",
      "memory": [
        {
          "offset": "979C27",
          "on": "90909090",
          "off": "66894F04"
        }
      ]
    },
    {
      "name": "Max Scraps And Canteen",
      "hint": null,
      "type": "checkbox",
      "memory": [
        {
          "offset": "173FC01",
          "on": "C5FA10448F08669C4881FECD110000751041C744F00C00247449669DE9A7060BFF4881FED0110000750941C744F00C00401C46669DE98E060BFF",
          "off": "00000000000000000000000000000000000000000000000000000000000000000000000000000000000000000000000000000000000000000000"
        },
        {
          "offset": "7F02C3",
          "on": "E939F9F40090",
          "off": "C5FA10448F08"
        }
      ]
    }
  ],
  "credits": [
    "GoldZ"
  ]
}