{
  "name": "Assassin's Creed® Origins",
  "id": "CUSA05855",
  "version": "01.41",
  "process": "eboot.bin",
  "mods": [
    {
      "name": "God mode",
      "type": "checkbox",
      "memory": [
        {
          "offset": "3550C06",
          "on": "018FD4000000",
          "off": "898FD4000000"
        }
      ]
    },
    {
      "name": "Infinite stamina",
      "type": "checkbox",
      "memory": [
        {
          "offset": "662BEE1",
          "on": "4589FE4489F64489FA90E999B4F1FC",
          "off": "000000000000000000000000000000"
        },
        {
          "offset": "3547383",
          "on": "E9594B0E0390",
          "off": "4489F64489FA"
        }
      ]
    },
    {
      "name": "Infinite Arrows",
      "type": "checkbox",
      "memory": [
        {
          "offset": "3A3E529",
          "on": "9090",
          "off": "29C8"
        }
      ]
    },
    {
      "name": "Fast Lvl Up / XP",
      "type": "checkbox",
      "memory": [
        {
          "offset": "662BEF8",
          "on": "FFC34489CE41BA0F270000E9FCBC74FD",
          "off": "00000000000000000000000000000000"
        },
        {
          "offset": "3D77BFF",
          "on": "E9F4428B02",
          "off": "FFC34489CE"
        }
      ]
    },
    {
      "name": "Infinite Resources",
      "type": "checkbox",
      "memory": [
        {
          "offset": "662BF50",
          "on": "B83F420F0041894424F0E9D12541FD",
          "off": "000000000000000000000000000000"
        },
        {
          "offset": "3A3E52B",
          "on": "E920DABE02",
          "off": "41894424F0"
        }
      ]
    },
    {
      "name": "Infinite Oxygen",
      "type": "checkbox",
      "memory": [
        {
          "offset": "662BF30",
          "on": "C5FA108040050000C5FA11804405000090E9870F67FE",
          "off": "00000000000000000000000000000000000000000000"
        },
        {
          "offset": "4C9CEC5",
          "on": "E966F09801909090",
          "off": "C5FA118044050000"
        }
      ]
    },
    {
      "name": "Max Abilities Points (On Spend / need 2)",
      "type": "checkbox",
      "memory": [
        {
          "offset": "662BF6D",
          "on": "66C7808C020000E7038B988C020000E9830FBCFB",
          "off": "0000000000000000000000000000000000000000"
        },
        {
          "offset": "21ECEFE",
          "on": "E96AF0430490",
          "off": "8B988C020000"
        }
      ]
    }
  ],
  "credits": [
    "Talixme Weysincha Saso"
  ]
}