{
  "name": "BioShock 2: The Collection",
  "id": "CUSA03979",
  "version": "01.03",
  "process": "LaunchOrbis.elf",
  "mods": [
    {
      "name": "Godmode",
      "type": "checkbox",
      "memory": [
        {
          "offset": "535448",
          "on": "E9B35B4F01909090",
          "off": "C5FA118B30070000"
        },
        {
          "offset": "1A2B000",
          "on": "813B20D6EA017505E943A4B0FEC5FA118B30070000E936A4B0FE9090",
          "off": "00000000000000000000000000000000000000000000000000000000"
        }
      ]
    },
    {
      "name": "Infinite Eve",
      "type": "checkbox",
      "memory": [
        {
          "offset": "54F853",
          "on": "9090909090909090",
          "off": "C5FA118B900F0000"
        }
      ]
    },
    {
      "name": "Infinite Ammo",
      "type": "checkbox",
      "memory": [
        {
          "offset": "5CE650",
          "on": "E9CBC9450190",
          "off": "89B080000000"
        },
        {
          "offset": "1A2B020",
          "on": "8BB08000000089B080000000E92536BAFE909090",
          "off": "0000000000000000000000000000000000000000"
        }
      ]
    },
    {
      "name": "Max Cash (on spend/get)",
      "type": "checkbox",
      "memory": [
        {
          "offset": "54FB46",
          "on": "E9F5B44D0190",
          "off": "8993840F0000"
        },
        {
          "offset": "1A2B040",
          "on": "8B93880F00008993840F0000E9FB4AB2FE90",
          "off": "000000000000000000000000000000000000"
        },
        {
          "offset": "54FD0A",
          "on": "E943B34D0190",
          "off": "898B840F0000"
        },
        {
          "offset": "1A2B052",
          "on": "8B8B880F0000898B840F0000E9AD4CB2FE90",
          "off": "000000000000000000000000000000000000"
        }
      ]
    },
    {
      "name": "Max Adam (on spend/get)",
      "type": "checkbox",
      "memory": [
        {
          "offset": "54FEE6",
          "on": "E9D5B14D0190",
          "off": "89938C0F0000"
        },
        {
          "offset": "1A2B0C0",
          "on": "C7838C0F00000F270000E91D4EB2FE90",
          "off": "00000000000000000000000000000000"
        },
        {
          "offset": "5500C2",
          "on": "E909B04D01909090",
          "off": "418994248C0F0000"
        },
        {
          "offset": "1A2B0D0",
          "on": "41C784248C0F00000F270000E9E94FB2FE909090",
          "off": "0000000000000000000000000000000000000000"
        }
      ]
    },
    {
      "name": "One-hit Kill",
      "type": "checkbox",
      "memory": [
        {
          "offset": "53543F",
          "on": "E92C5C4F0190909090",
          "off": "C5EAC2D301C5E855C9"
        },
        {
          "offset": "1A2B070",
          "on": "C5EAC2D301C5E855C9813B20D6EA010F84C3A3B0FE4883F9000F85B9A3B0FEC5F057C9E9B0A3B0FE",
          "off": "00000000000000000000000000000000000000000000000000000000000000000000000000000000"
        }
      ]
    },
    {
      "name": "Fill on pickup",
      "type": "checkbox",
      "memory": [
        {
          "offset": "5CDEE6",
          "on": "89CA9090909090",
          "off": "418B9580000000"
        }
      ]
    },
    {
      "name": "Godmode for all",
      "type": "checkbox",
      "memory": [
        {
          "offset": "535448",
          "on": "9090909090909090",
          "off": "C5FA118B30070000"
        }
      ]
    }
  ],
  "credits": [
    "JustGotenks"
  ]
}