{
  "name": "Wolfenstein II: The New Colossus",
  "id": "CUSA07377",
  "version": "01.00",
  "process": "eboot.bin",
  "mods": [
    {
      "name": "Godmode",
      "hint": null,
      "type": "checkbox",
      "memory": [
        {
          "offset": "127BBD5",
          "on": "9090909090",
          "off": "C5FA114310"
        }
      ]
    },
    {
      "name": "Infinite Ammo",
      "hint": null,
      "type": "checkbox",
      "memory": [
        {
          "offset": "1592BA3",
          "on": "909090",
          "off": "894330"
        }
      ]
    },
    {
      "name": "No Reload / Enemies Don\t Shoot",
      "hint": null,
      "type": "checkbox",
      "memory": [
        {
          "offset": "158B41B",
          "on": "9090",
          "off": "8901"
        }
      ]
    }
  ],
  "credits": [
    "Talixme"
  ]
}