{
  "name": "Sword Art Online Hollow Realization",
  "id": "CUSA05033",
  "version": "03.20",
  "process": "eboot.bin",
  "mods": [
    {
      "name": "Godmode",
      "hint": null,
      "type": "checkbox",
      "memory": [
        {
          "offset": "BA9746",
          "on": "90909090909090",
          "off": "418986309D0000"
        }
      ]
    },
    {
      "name": "Infinite AP",
      "hint": null,
      "type": "checkbox",
      "memory": [
        {
          "offset": "B6D3B3",
          "on": "9090909090909090",
          "off": "66418987409D0000"
        }
      ]
    },
    {
      "name": "Fast Exp/Leveling",
      "hint": null,
      "type": "checkbox",
      "memory": [
        {
          "offset": "B804FB",
          "on": "4801A3389D00009090",
          "off": "8B4DD8898B389D0000"
        }
      ]
    },
    {
      "name": "1 Hit Kill",
      "hint": null,
      "type": "checkbox",
      "memory": [
        {
          "offset": "BD71EE",
          "on": "4D898E309D0000",
          "off": "418986309D0000"
        }
      ]
    },
    {
      "name": "Get 200+ Skillpoints on spend",
      "hint": null,
      "type": "checkbox",
      "memory": [
        {
          "offset": "AE97C8",
          "on": "4C8911",
          "off": "668919"
        }
      ]
    },
    {
      "name": "Get Max Col/Money on buy",
      "hint": null,
      "type": "checkbox",
      "memory": [
        {
          "offset": "D736B3",
          "on": "4C89B908690000",
          "off": "41899108690000"
        }
      ]
    }
  ],
  "credits": [
    "TLH"
  ]
}